,mu11,mu21,mu22,mu31,mu41,mu42,sigma11,sigma12,sigma13,sigma14,sigma21,sigma22,sigma23,sigma24,sigma31,sigma32,sigma33,sigma34,sigma41,sigma42,sigma43,sigma44,time,loss
0,0.7031947,2.04079981,1.46887379,0.78885964,1.23055125,1.17554605,0.2750774,0.09031319,0.03155526,0.01913851,0.69075707,0.46569279,0.35758179,0.09123215,0.0689112,0.34705292,0.29508755,0.38894835,0.04943566,0.41453387,0.25865392,0.31903723,59502.0,1709.701696030673
1,0.80576041,2.02007171,1.14842618,0.81186437,1.52903609,1.1531214,0.211731,0.04296148,0.0739663,0.10364812,0.27858416,0.45299249,0.35895549,0.13105576,0.04439494,0.24701762,0.16308933,0.17028933,0.45009895,0.24416365,0.28848833,0.49625427,63891.0,1618.682110720961
2,0.73577541,1.98710636,1.33564985,0.99233052,2.35078399,2.20295573,0.2381447,0.09685901,0.04819008,0.04141015,0.15142126,0.41165989,0.23601997,0.30708437,0.00972522,0.17737125,0.17765835,0.10779416,0.83915242,0.71942267,1.46693475,0.50061605,64804.0,1623.0160259837307
3,0.50752894,1.44002642,1.38468855,0.78321932,1.50592324,0.89103127,0.41230779,0.0592868,0.07759147,0.12990472,0.18557623,0.15804646,0.41694304,0.12830817,0.04806754,0.26570084,0.09848923,0.07773201,0.11267846,0.12230519,0.48149,0.21555243,67570.0,1548.67388314522
4,0.62961749,1.55865803,1.65363745,0.19094495,0.2894193,3.5089395,0.16731566,0.32122426,0.13261107,0.03495552,0.42989584,0.73600171,0.43586767,0.71742967,0.47381936,0.40314918,0.49368562,0.47578489,0.34551208,0.70073266,0.42375154,0.2352323,67437.0,1747.167488038115
5,0.65558935,2.25196347,2.36530552,0.68458641,1.67490258,1.62837706,0.35591432,0.07085663,0.19038219,0.02918917,0.26865306,0.19163712,0.49119304,0.42297939,0.03171754,0.22033045,0.17062466,0.22834684,0.31981762,0.54013957,0.27766731,0.40499994,28763.0,1569.1662622363135
6,0.74304805,2.27690728,2.69794513,0.65163971,1.95507088,2.14300757,0.34604483,0.14602599,0.08698657,0.04853889,0.47286116,0.18115032,0.22174932,0.49993268,0.07491497,0.03929278,0.29107979,0.17419724,0.25332366,0.49876807,0.45853123,0.46564007,32053.0,1549.1216992045463
7,0.75879977,1.80945494,1.41863817,0.71799797,1.67183726,1.07719655,0.30006995,0.0682878,0.08371706,0.05126845,0.60319979,0.23128052,0.15752239,0.51357426,0.0257194,0.17767804,0.14177161,0.19984703,0.16343998,0.11644194,0.26939304,0.44361078,58949.0,1550.5458991747414
8,0.58863529,1.86081016,1.381966,0.46177562,1.118784,2.5465444,0.26470018,0.12804674,0.17890407,0.07094293,0.18882203,0.28711882,0.32916986,0.17236262,0.42213329,0.45099298,0.23466798,0.24595092,0.46513373,0.4276496,0.62525799,0.64736216,54172.0,1762.080101350079
9,0.86366995,2.12093756,1.21091725,1.00187006,1.6039286,0.85051122,0.24138189,0.03400557,0.02186543,0.06176868,0.27754124,0.19010885,0.41728326,0.51931873,0.04181546,0.18076077,0.13889993,0.0706862,0.21410219,0.14211922,0.09896038,0.49601627,62385.0,1543.1824763603006
10,0.68373935,1.98593063,1.64671788,0.92493819,1.83453727,1.17291935,0.26864253,0.04850135,0.16283963,0.18319336,0.27592542,0.37515885,0.36505593,0.29678035,0.02503902,0.27620129,0.02823441,0.11371129,0.48041078,0.26079551,0.4737787,0.27975167,65285.0,1595.391721627709
11,0.54387124,1.35200775,2.03931906,0.85491013,1.89343194,2.65669167,0.44882404,0.08612056,0.31064442,0.23261136,0.48483631,0.31285592,0.54077237,0.48189914,0.03522311,0.46655651,0.04102348,0.50225028,0.44351555,0.35184264,0.15752905,0.29610427,29065.0,1774.56562448726
12,0.47624524,1.55725903,1.63196037,0.43036777,1.35198275,1.40827289,0.31537132,0.03202456,0.20788898,0.01699026,0.51845864,0.63686995,0.41308296,0.31996319,0.03123078,0.24376127,0.27042476,0.14579485,0.71146274,0.34162275,0.52822897,0.27910523,57535.0,1675.9224632001055
13,0.75885432,1.59464583,0.91517137,0.75600255,1.08927867,2.13196036,0.15756429,0.13092905,0.07178802,0.24706449,0.11112101,0.28379437,0.48443152,0.22418968,0.3429933,0.15692018,0.44757336,0.06496961,0.80394476,0.71906731,0.48273507,0.42336049,66030.0,1690.679584227575
14,0.60973837,1.66533043,1.3297739,0.3390322,0.37194303,2.42458608,0.25996105,0.14265738,0.08928417,0.18267495,0.69131259,0.52136507,0.40991101,0.4744417,0.3971389,0.35848183,0.63092832,0.36536833,0.47042169,0.5900743,0.42785483,0.47515942,29736.0,1828.7222819406036
15,0.49641982,1.8118652,1.28218714,0.43327981,0.96634188,1.83780299,0.13334283,0.2469254,0.04689409,0.03494822,0.50540037,0.23528084,0.49716752,0.45351615,0.48376787,0.22997311,0.41639305,0.44153945,0.15615449,0.72046033,0.48149315,0.2256284,64673.0,1784.017919805582
16,0.54810886,1.74781787,1.60515208,0.74025337,1.12877327,2.77256019,0.31895977,0.15315848,0.18651063,0.13432505,0.21073654,0.41345156,0.40963753,0.44551578,0.25397751,0.50005786,0.41387929,0.42009217,0.75730286,0.23055332,0.50753349,0.46248574,64934.0,1798.4736457087288
17,0.80236908,1.98682181,1.28671502,0.4227677,1.06721059,1.55297411,0.14981961,0.14717382,0.17975719,0.08193357,0.23077867,0.27593494,0.17251586,0.44718864,0.37408211,0.09761376,0.14198836,0.50429845,0.2928303,0.75438859,0.45792042,0.43241207,58271.0,1760.1933688212234
18,0.66071961,1.67879402,1.65532371,0.42836107,1.41767267,1.96197884,0.21712158,0.13784863,0.0082288,0.17615779,0.3459823,0.45700313,0.08603997,0.4831758,0.04811733,0.17578488,0.37808076,0.37109523,0.15425958,0.40376565,0.15762935,0.2573426,28547.0,1647.8533885977638
19,0.76530752,2.03087233,1.8290742,0.66801981,1.27142531,1.2113513,0.3167459,0.03037129,0.00332316,0.13468035,0.32228354,0.52726773,0.73279236,0.45630501,0.07935922,0.16067787,0.33361525,0.24165132,0.2532,0.21015964,0.74883778,0.63774298,78129.0,1705.1883278778607
20,0.71449956,2.02789906,1.79394278,0.48095627,0.67051105,0.92695629,0.24041732,0.13026768,0.04418415,0.16421776,0.23746895,0.37089952,0.40983199,0.71216608,0.07708034,0.43478379,0.42038828,0.10898586,0.48332794,0.52868518,0.18576938,0.57059761,58032.0,1760.830670166552
21,0.79794999,1.88749227,1.66114744,0.76286003,1.35441304,1.21976672,0.22582838,0.01348398,0.21355961,0.11631713,0.47795406,0.22542116,0.45264405,0.53665252,0.19303069,0.31345382,0.10072411,0.26595917,0.14094305,0.23477195,0.1522413,0.10255723,62294.0,1678.452931775574
22,0.47353964,1.69329533,1.90154241,0.77640069,1.74048174,1.65598137,0.31334038,0.17791264,0.01507965,0.05814042,0.30226282,0.28300474,0.69906594,0.34838436,0.03711874,0.17541407,0.28212585,0.17576015,0.31436309,0.6021075,0.78921881,0.69158535,60184.0,1675.1278337008823
23,0.6975661,1.56138479,1.31195268,0.95090652,1.33500661,1.09388675,0.28989353,0.1157734,0.10980949,0.12962128,0.31464837,0.83145791,0.91844936,0.52698417,0.11231859,0.31325618,0.36408024,0.11770682,0.45960839,0.14257905,0.27826475,0.22270285,64709.0,1860.3319112328984
24,0.96984687,1.74232165,2.05137169,0.94389476,2.21024305,2.29367951,0.30152482,0.07488121,0.08938694,0.21937435,0.76809932,0.4765053,1.46789592,0.81483167,0.01794927,0.31837521,0.17948433,0.19236535,0.19861691,0.20476528,0.15872651,0.50704102,30619.0,1753.5517608828086
25,0.9768232,1.86064196,0.92981507,0.69657861,1.1535292,2.25734383,0.15466622,0.05738357,0.25899461,0.11864589,0.26476317,0.19607641,0.17631752,0.29600671,0.5385453,0.60269815,0.0574274,0.39806674,0.13468098,0.34549506,0.24329239,0.43880184,55870.0,1814.9884947637984
26,0.73252374,1.65020923,1.61804466,1.03495704,2.13976218,1.41764405,0.34743932,0.04636393,0.04860724,0.28436536,0.47685474,0.19875729,0.24808709,0.17742129,0.12361387,0.22198814,0.13135856,0.02783431,0.78329303,0.29776635,0.28675549,0.7841219,61705.0,1702.22019951758
27,0.39959427,0.97627009,2.31768333,0.41354147,1.35676422,2.2007708,0.48697853,0.09322874,0.35708786,0.23092487,0.47123888,0.47802886,0.64172447,0.4234986,0.16365006,0.43699791,0.22782964,0.05994661,0.35887301,0.21192127,0.12933863,1.01542372,27471.0,1707.0501062449289
28,0.72379974,1.94475335,1.52902528,0.53830222,1.36560481,1.06912198,0.20014275,0.07819439,0.19873875,0.20495361,0.17653108,0.24398854,0.51420944,0.42754936,0.14294123,0.43314001,0.08970915,0.03955651,0.25380474,0.55919047,0.44387285,0.72866953,66857.0,1745.6912594236032
29,0.50554044,1.4640469,1.28336132,0.87194115,1.17528335,1.99390896,0.25557077,0.23455453,0.0231575,0.03222741,0.1557502,0.47526106,0.60214514,0.43566414,0.25230576,0.12914156,0.46242193,0.39907575,0.61135892,0.31803978,0.29786458,0.48759528,55130.0,1742.4805238941076
30,0.76495958,1.60406124,1.62014674,0.30479485,1.5860144,1.97157481,0.27296653,0.17415941,0.16189578,0.24401052,0.10591052,0.16791562,0.17568308,0.28888833,0.35922697,0.33607046,0.4409797,0.24629613,0.15968172,0.44226262,0.3840858,0.2405818,60456.0,1903.751810115094
31,0.73698039,1.51737625,0.85234434,0.72539164,1.86366812,1.39798808,0.26141025,0.0362305,0.10728189,0.10164399,0.1017675,0.14325297,0.40630233,0.16775401,0.01309637,0.23897757,0.0716866,0.12114432,0.19127202,0.75599793,0.52200175,0.15967473,64105.0,1567.565248030899
32,0.44822575,1.59440537,1.27808166,0.79501102,2.04333014,1.74565804,0.27858292,0.08325559,0.13032713,0.03620504,0.39190686,0.17815429,0.29182989,0.54215257,0.01015369,0.2461113,0.16031653,0.19776807,0.31384068,0.27246439,0.79688738,0.56463895,56747.0,1633.8071455751465
33,0.70236189,1.88742641,1.40818459,0.44330921,1.70260732,1.24580932,0.25913904,0.10414751,0.07333102,0.07107639,0.16966234,0.32075316,0.1253706,0.45869957,0.0279976,0.25444825,0.22382831,0.1272686,0.35796684,0.45257096,0.18319113,0.70110341,61773.0,1645.2421750351311
34,0.85002032,1.82354276,1.24616772,0.51422879,1.71178253,1.21093745,0.25773186,0.10298235,0.14559459,0.05171022,0.42689816,0.60533814,0.72778454,0.22364416,0.09139882,0.21815467,0.17838962,0.16570389,0.27344746,0.33382369,0.45581041,0.63660608,64676.0,1791.518134935316
35,0.43504065,1.8207461,1.84274077,0.59793919,1.65655426,1.84948976,0.28957503,0.0648342,0.18427968,0.13371098,0.2257265,0.19120164,0.32388642,0.48390784,0.04100492,0.39785148,0.18288867,0.10674648,0.10524413,0.12846992,0.04344089,0.49810258,51703.0,1561.882445539909
36,0.6732977,1.88515152,1.61976045,0.69201971,1.56587966,1.1352017,0.30132556,0.06762176,0.09148796,0.03384291,0.27688203,0.75960995,0.40846918,0.73763732,0.07205164,0.27776736,0.2441674,0.18186994,0.41921349,0.75514594,0.41746614,0.1213824,66217.0,1767.890046376201
37,0.85331692,2.10457822,1.61159533,0.56139789,1.9083352,1.47436007,0.29816821,0.08581489,0.08265345,0.10585737,0.30120214,0.39548491,0.36177178,0.15890547,0.0108597,0.22080101,0.13413312,0.16192482,0.1875953,0.38854831,0.46349241,0.34866788,54344.0,1568.583055981896
38,0.71791531,1.37306272,1.1884469,0.53305159,1.43355283,1.14417126,0.23700545,0.27964498,0.03915225,0.06830122,0.2783075,0.55350555,0.18439067,0.08483582,0.17534998,0.06756091,0.27084749,0.08571159,0.39439158,0.24154337,0.47356026,0.44702723,53485.0,1658.406921207266
39,0.5675028,1.75349633,1.13232083,0.83628919,1.56933604,1.06987513,0.26844,0.06747945,0.02331116,0.14799732,0.1843829,0.27302243,0.52066041,0.14145672,0.04985374,0.20233362,0.22242955,0.15515233,0.44886281,0.40935277,0.49884099,0.32987697,64349.0,1670.9013308804974
40,0.84939955,1.59387529,1.81099882,0.66795386,0.57406972,5.51022159,0.2808827,0.27426187,0.14553321,0.1313967,0.4030665,0.28176983,0.2000747,0.20229631,0.67970801,0.45437527,0.72948555,0.54960388,0.57911913,0.19263274,0.29022714,0.44124513,78045.0,1703.1108016182093
41,0.75989586,2.00317181,1.63846744,0.58459619,1.61353079,2.01420217,0.24723374,0.10660188,0.02337187,0.19037788,0.30975688,0.11328914,0.18301347,0.38381451,0.08597184,0.34097045,0.31133193,0.05491849,0.54796101,0.48806048,0.41999558,0.79339405,60798.0,1595.688306798907
42,0.5778655,1.8424482,1.75915487,0.66698829,1.8789031,1.97221786,0.30794134,0.03835427,0.13751451,0.06686878,0.70431785,0.39180867,0.37571225,0.49568501,0.01512683,0.28762812,0.27272575,0.21568136,0.64028879,0.08751457,0.40118955,0.69849296,30443.0,1669.3973495966666
43,0.87290849,1.61064101,0.88388267,0.81387625,1.6123821,1.38953262,0.27138725,0.07272955,0.03299847,0.07302965,0.24720136,0.20617704,0.18265992,0.21894737,0.046881,0.22946277,0.24905327,0.19325652,0.5484442,0.42255245,0.79847868,0.15453907,68472.0,1614.5236634348678
44,0.66578006,2.103338,2.16570908,0.49858622,2.67882538,3.71058287,0.27971907,0.04822002,0.22030686,0.14507009,0.37602088,0.20190849,0.40825068,0.49627845,0.0615681,0.34871265,0.0402845,0.2444786,0.49911454,0.16863408,0.29277535,0.32323956,76009.0,1560.7545557521455
45,0.79820697,2.381966,1.58778181,0.74358715,1.53204952,1.02005406,0.24568388,0.04298472,0.05013307,0.09700183,0.15166652,0.72771758,0.54972544,0.22839825,0.02542761,0.16186975,0.22233053,0.04638508,0.31144338,0.20037804,0.5067265,0.73005584,62979.0,1614.939759417469
46,0.49634533,1.36889216,3.37745252,0.98243455,2.13727713,1.57058225,0.53513794,0.22618573,0.47382823,0.42591311,0.18895532,0.18080115,0.40086196,0.40490814,0.01514261,0.27132844,0.05951049,0.05900879,0.18617594,0.81633933,0.78111932,0.40501928,29086.0,1685.6139697302578
47,0.78841212,1.28391013,1.27158689,0.52111033,1.8831937,2.08191237,0.31579491,0.03022468,0.22940268,0.3376836,0.31054397,0.22929256,0.1428249,0.46305847,0.06089897,0.2846304,0.07122112,0.14425106,0.71738232,0.49048619,0.39996192,0.58331229,37593.0,1730.755057330444
48,0.50036377,1.62931899,1.07691814,0.68549103,1.05235769,1.09944896,0.27601128,0.0863583,0.12453631,0.10204481,0.32293771,0.68968955,0.57867764,0.47818353,0.04240163,0.25860761,0.24654003,0.39624851,0.4289856,0.50160273,0.2862581,0.58665307,66135.0,1821.6521070430151
49,0.6564295,1.10160515,3.35091663,0.57761936,0.42193551,0.756631,0.6395994,0.52461535,0.23790647,0.08291222,0.28760316,0.65966642,0.35343076,0.21832619,0.13650521,0.43298682,0.50865783,0.38916457,0.18659034,0.32782056,0.67518378,0.34421247,31435.0,1820.6939399616756
50,0.79250745,2.2236113,1.68589339,0.64935429,1.67694076,1.21523547,0.21729953,0.0175941,0.13222471,0.04947681,0.50343724,0.19578974,0.30420018,0.43727012,0.05866732,0.2439308,0.17185317,0.21011435,0.28321687,0.22645935,0.47766977,0.16923736,61798.0,1589.5787126135976
51,0.51284557,1.85256202,1.35824759,0.64303457,1.91218973,1.87826553,0.20194613,0.04617678,0.15457194,0.17780781,0.44438751,0.3523818,0.31046763,0.45280352,0.0281313,0.38666587,0.06254361,0.10168314,0.20837376,0.56786855,0.46231996,0.19042754,32922.0,1608.494212385075
52,0.79451189,1.9487166,1.65713085,0.71643691,1.64315853,1.16720147,0.21489689,0.08598303,0.02889148,0.08020541,0.79477597,0.76970723,0.35395694,0.48363191,0.04559181,0.19596441,0.20475586,0.17346343,0.44916873,0.15687442,0.53157543,0.6568579,65561.0,1700.9984419361826
53,0.70769639,1.87051508,1.72751284,0.78527712,1.90515352,1.65893685,0.29819575,0.03014555,0.15866528,0.20431428,0.40474631,0.4650264,0.38329146,0.3877304,0.18501347,0.34293665,0.19965186,0.1002683,0.42756034,0.14710612,0.41463623,0.1673743,65630.0,1748.206298368698
54,0.78965982,1.62309292,0.92305941,0.74063062,1.64201789,1.67320817,0.23206088,0.07455921,0.11798302,0.01673868,0.4341307,0.46764598,0.2505501,0.41704634,0.03983929,0.28004687,0.03987271,0.19597632,0.78880991,0.81548067,0.28334018,0.3024679,62516.0,1619.7925409879815
55,0.47800826,1.56230732,1.22516574,0.68011803,1.50067856,1.09495353,0.2760127,0.12040855,0.02827054,0.03196127,0.2843486,0.57054327,0.28819121,0.42108159,0.01543277,0.22514234,0.2328328,0.10064992,0.3276759,0.26236189,0.18413577,0.69458523,66302.0,1600.142257248957
56,0.7831315,1.8017339,1.42850687,0.62841162,1.62419875,1.54084067,0.26536424,0.05183825,0.05735563,0.03669241,0.17962538,0.41787236,0.12134305,0.34618558,0.04712966,0.3026276,0.19167942,0.17664181,0.45893051,0.39945189,0.33675741,0.14375175,65079.0,1556.1696524759382
57,0.46115807,1.59394103,1.64460957,0.61795466,1.53558526,1.75369566,0.31778433,0.26216029,0.01223159,0.11464152,0.5688795,0.27526916,0.46148882,0.39855377,0.1683692,0.39758747,0.3970415,0.42442902,0.47098962,0.24497563,0.56595247,0.40625426,36447.0,1935.7689113755032
58,0.65098612,1.66459397,1.47014245,0.32860843,1.12024114,2.62849482,0.19521188,0.00940764,0.24646096,0.18546805,0.49550452,0.18091356,0.37760582,0.64945611,0.11116608,0.48369872,0.32801791,0.45570959,0.28619721,0.38347408,0.54477015,0.43247314,32660.0,1744.0224478259086
59,0.4622664,1.65019626,1.62783723,0.38759708,1.65359682,1.99285277,0.29162273,0.1468975,0.04896419,0.22845372,0.43702511,0.43452222,0.39371906,0.44071643,0.26247728,0.35195381,0.43471118,0.09347304,0.24749914,0.40182966,0.41878039,0.4262204,61937.0,1793.5533599107853
60,0.62167653,1.47153614,2.06901326,0.71763014,0.79305976,0.78033644,0.39251396,0.18080457,0.38788422,0.16109307,0.27306116,0.48713841,0.21292955,0.26984309,0.25323988,0.33456028,0.03641802,0.42626348,0.50783759,0.25921319,0.52140873,0.42941548,28999.0,1848.602821177439
61,0.76346527,1.82151132,1.28589849,0.44858832,1.29702693,1.29183426,0.21535307,0.03014328,0.11358774,0.11631083,0.52978809,0.16789174,0.37223705,0.15240397,0.03505886,0.27824164,0.22887044,0.1199099,0.55419292,0.22387382,0.39557813,0.9253803,65105.0,1673.6570320892706
62,0.55075175,1.79175588,1.40165343,0.80435072,1.5468153,1.36486481,0.24965449,0.04020833,0.05345712,0.18861649,0.26012988,0.46901345,0.50643988,0.70831159,0.06321768,0.29212255,0.27544422,0.091819,0.30480525,0.33135399,0.17688782,0.20878466,62357.0,1618.07077072598
63,0.97416638,1.77180302,1.08952077,0.50738246,0.68931089,1.49553006,0.0361631,0.13247119,0.20815905,0.10542489,0.80736067,0.45356005,0.48045443,0.59335147,0.39037347,0.43740749,0.27703033,0.42184661,0.53959833,0.61826115,0.27090804,0.51259597,69415.0,1924.819903333536
64,0.76160438,1.66814,0.80037545,0.68828213,1.3920749,1.95624948,0.1427428,0.02445797,0.09647998,0.19918998,0.34991345,0.18313109,0.24881668,0.39206798,0.42604616,0.45339949,0.11076562,0.06617535,0.23169261,0.5818398,0.12198952,0.50507721,62826.0,1683.4539879088454
65,0.51195397,0.94715429,2.22127,0.62241147,1.52400184,2.24081479,0.5708478,0.0817031,0.12629387,0.27786136,0.39872503,0.65163779,0.50272638,0.44989438,0.08155098,0.52085745,0.4057668,0.309461,0.43081136,0.19915764,0.53227558,0.78948391,33055.0,1855.198807441112
66,0.79971506,1.7475302,1.58834377,0.74115652,1.91386622,1.54731798,0.30292188,0.05099652,0.08548304,0.1954318,0.61130184,0.10249147,0.59216389,0.1396787,0.05850587,0.28059228,0.05754204,0.06787476,0.32638136,0.86458882,0.46737744,0.51015137,63578.0,1588.6814765060942
67,0.67271261,2.00001082,1.50612767,0.70667747,2.02049056,1.34421524,0.23960616,0.05198865,0.00535158,0.17888578,0.1919808,0.43509574,0.40893163,0.16443673,0.04457073,0.10280781,0.16358524,0.05704984,0.25890512,0.19260686,0.41321307,0.26089729,64304.0,1513.5449267890165
68,0.58317368,2.20958732,2.17238577,1.12306783,1.98142753,0.90707326,0.12562529,0.14274935,0.28640756,0.05992787,0.47504967,0.15105855,0.67525965,0.54551471,0.05172021,0.17542857,0.0222119,0.11963135,0.27432806,0.42774382,0.51823239,0.28506601,33028.0,1626.7718921991088
69,0.56124382,1.77242561,2.24179067,0.66418946,0.66927901,3.71917029,0.39680523,0.16241556,0.25660976,0.05767051,0.298788,0.26540852,0.14796886,0.55827042,0.66324153,0.78524019,0.51964626,0.34614807,0.44208804,0.30234923,0.55668024,0.73734731,30192.0,1853.4094678006643
70,0.65310052,1.64448098,2.76760559,0.7936511,1.76239712,1.38364672,0.43044272,0.10599179,0.05018245,0.39680672,0.54919377,0.5199547,0.32017046,0.22974176,0.02188322,0.2156708,0.25462892,0.08749682,0.22471007,0.24896639,0.09796986,0.74070736,34772.0,1627.449963363125
71,0.72502939,1.51353699,1.88554168,0.71832257,2.31685236,2.84828242,0.44731589,0.01931619,0.08281134,0.38888809,0.10312317,0.18323318,0.59393504,0.32550704,0.18418251,0.32416728,0.13069834,0.0826435,0.63009032,0.63973797,0.18201231,0.72996509,34293.0,1701.8378392077432
72,0.88589844,1.31156271,1.22757833,0.48106114,0.95172082,1.16647892,0.20450567,0.25730838,0.11691835,0.10246307,0.55080478,0.248182,0.28447399,0.26394705,0.0361266,0.05384219,0.39149884,0.35071892,0.56040762,0.45671945,0.16446626,0.57180042,37595.0,1749.3812144002022
73,0.4715417,1.63011919,1.15603506,0.79647732,1.844682,1.3016046,0.29562766,0.05867374,0.04583696,0.08084694,0.14953844,0.40683037,0.27286812,0.27201912,0.0269655,0.17434102,0.22018438,0.12334463,0.30680049,0.1575346,0.17772069,0.57035139,56249.0,1540.925577081056
74,0.94152754,1.75547433,1.61616036,1.02618584,2.10889427,1.53545448,0.3386467,0.01148145,0.14807712,0.02658527,0.0310908,0.3996981,0.28928364,0.40014022,0.09629165,0.25957829,0.00938125,0.09275529,0.08042261,0.34142413,0.43302124,0.12909783,27514.0,1554.7440490781769
75,0.79573413,1.80682508,1.6933798,0.9078183,1.64764639,1.64113408,0.31717611,0.05399497,0.0507358,0.1642837,0.4789256,0.49154153,0.12818933,0.35828154,0.0076386,0.30748055,0.05855288,0.17139448,0.6086529,1.5076469,0.6282144,0.38332144,59490.0,1679.6078807293563
76,0.3695635,1.69689171,1.75836359,0.62049093,1.8392188,1.5024526,0.30164113,0.22776084,0.20893111,0.05048838,0.25272862,0.13406998,0.28520897,0.15220551,0.14286052,0.23578915,0.20395272,0.29093239,0.73628852,0.31641902,0.58547339,0.49286687,25023.0,1778.6957914860632
77,0.5896589,1.44584423,1.12235774,0.70203428,1.96529244,1.90312995,0.28723393,0.04971856,0.06818128,0.17120403,0.19501488,0.71957149,0.55621869,0.5011271,0.07369882,0.30688074,0.09329243,0.10779664,0.25147371,0.28062336,0.45668702,0.58259301,36011.0,1687.34281478425
78,0.55845495,1.30226671,1.18347645,0.3695017,1.26645186,1.40041318,0.26751202,0.2721953,0.04795189,0.15599022,0.80150037,0.26885283,0.56293781,0.08598624,0.01803688,0.21201548,0.43432539,0.13806057,0.21701375,0.28056776,0.44006523,0.49522636,62377.0,1752.1171427096615
79,0.91381068,1.52123889,1.0670658,0.73698847,1.37878721,0.96841481,0.24296013,0.09259545,0.06412503,0.01716042,0.45057203,0.11642262,0.20895607,0.57394189,0.07906992,0.19842638,0.12663176,0.25057545,0.42218849,0.46254138,0.40063427,0.16413948,62146.0,1660.4458207224193
80,0.32638438,0.21219786,1.08085886,0.4781117,0.82933799,1.3341313,0.1477873,0.29432462,0.12580037,0.26670463,0.60240979,0.35343428,0.30643427,0.76102835,0.43091448,0.15314896,0.32737482,0.19365932,0.24696483,0.44156246,0.62001533,0.19252164,32145.0,1742.835658093828
81,0.4818814,1.81835105,2.0514451,0.81683639,1.56007654,1.63852823,0.32825294,0.08308118,0.15872926,0.06694616,0.54156605,0.31669262,0.35679542,0.53124364,0.04230376,0.36624963,0.16467868,0.0380111,0.15902017,0.29478464,0.36064347,0.61105566,28207.0,1600.1614560997702
82,0.74837042,2.23361229,1.73955101,0.68051427,1.61273962,2.00125691,0.26669908,0.05513328,0.06505982,0.0297363,0.50128734,0.788327,0.56877344,0.51006502,0.04039493,0.35787566,0.29900987,0.28259767,0.5654574,0.28188779,0.49282713,0.55812627,61133.0,1681.1440114962245
83,0.26630335,1.21218164,0.95995005,0.7833192,1.66895292,0.89992228,0.34580709,0.08175302,0.15295076,0.19562512,0.34041947,0.17464779,0.25854948,0.58249958,0.04539447,0.16138174,0.27538745,0.06892525,0.34425228,0.39028984,0.43751982,0.60515636,61559.0,1811.243392007954
84,0.79528165,1.81838142,2.18068423,0.76436409,1.79255506,1.61381139,0.37029784,0.07918129,0.23567206,0.39712124,0.43668584,0.05457146,0.46159266,0.27079921,0.10928137,0.26072459,0.11708335,0.07529852,0.38084284,0.37604174,0.94577522,0.74673784,61921.0,1758.7443434851346
85,0.77990638,2.03959843,1.58107438,0.77840925,2.0066599,1.63068108,0.26077057,0.07809922,0.11460054,0.0084441,0.36713306,0.5887714,0.26808495,0.06113123,0.03474524,0.26279118,0.07457429,0.14998722,0.52748396,0.41864287,0.59244965,0.51552951,58871.0,1574.3225771888558
86,1.04601399,1.93735762,1.30803142,0.489797,1.14644911,1.39723112,0.2493461,0.045098,0.08882658,0.12280125,0.31410329,0.36753336,0.72749694,0.48284849,0.11530413,0.32766892,0.34405057,0.1790712,0.71025599,0.66295256,0.24389854,0.5921987,58032.0,1755.3837163091491
87,0.59106962,1.41702781,1.40414664,0.75366241,1.46596985,1.42315505,0.30315692,0.04780093,0.24766844,0.3108857,0.41380678,0.37516561,0.30454879,0.52322762,0.17778429,0.35483723,0.060572,0.16595264,0.15624783,0.30036311,0.23561229,0.39006505,63466.0,1775.8952618771852
88,0.97335974,1.69575981,1.06617669,0.69681866,1.85007277,1.62231337,0.23973788,0.03237038,0.10122079,0.12369615,0.25506165,0.54305733,0.29536563,0.25021762,0.05084496,0.31203915,0.08388788,0.17579037,0.59417332,0.2096081,0.46607066,0.20141147,26313.0,1634.1846688362468
89,0.44610857,1.54420477,1.41041687,0.82515077,2.19362344,1.18583721,0.3523337,0.08450535,0.07575191,0.08374496,0.27781561,0.22345341,0.15021969,0.45633409,0.06259657,0.20772631,0.06532364,0.17612315,0.0979531,0.30139463,0.31010433,0.24971739,61930.0,1589.6261232305842
90,0.70943429,1.63195007,2.14347785,0.81159831,1.34751187,1.61813576,0.41769222,0.04272616,0.13210919,0.1724027,0.40274379,0.38513824,0.72860081,0.6570095,0.23326659,0.42913636,0.16170034,0.24290533,0.54932563,0.40238012,0.52545768,0.25137806,55964.0,1900.678714386163
91,0.47876116,1.2302698,1.08849113,0.51784453,1.18885253,1.13378493,0.28829236,0.02187977,0.11017098,0.13789079,0.34471368,0.54133705,0.50517388,0.18715966,0.40663484,0.42484436,0.43406625,0.15127597,0.44547603,0.42163028,0.42536307,0.40213749,59056.0,2041.750245650411
92,0.49400138,1.76166713,1.51655058,1.02907505,2.21514639,1.20352279,0.2864941,0.11879546,0.06694425,0.14968105,0.22917261,0.45260579,0.16024068,0.55211586,0.0217506,0.15672324,0.1730597,0.06562076,0.1194864,0.35763977,0.52658381,0.44668623,58317.0,1615.3141950033214
93,1.14672239,1.92130986,0.94863489,0.95946162,1.50414835,1.41884762,0.15993314,0.01703752,0.0983989,0.10950441,0.17201606,0.39460168,0.47919497,0.2626284,0.15441843,0.42292837,0.21604298,0.02071729,0.44008222,0.77353768,0.40629493,0.44852405,24702.0,1708.8950271584022
94,0.47321446,1.5062305,1.27000318,0.73616108,1.96929964,1.34425313,0.33080105,0.08583481,0.12684361,0.03686429,0.50414748,0.47774735,0.42355053,0.71248759,0.02136332,0.18249452,0.18130585,0.08770786,0.38954707,0.2307615,0.33661848,0.28652198,59603.0,1638.174168953061
95,0.7848232,2.00400327,1.34216507,0.6979088,1.5303133,1.05549482,0.2723406,0.07254996,0.05632926,0.08984661,0.28982518,0.44716184,0.38411509,0.38507488,0.10704683,0.24316407,0.23895822,0.16807819,0.45076468,0.09571019,0.11848118,0.10192578,59415.0,1687.0379327063515
96,0.42468361,1.4068797,1.7911819,0.64459307,1.27429858,1.5595261,0.44559074,0.13688856,0.13062036,0.13465043,0.24478103,0.50678336,0.72765051,0.33637736,0.22836442,0.40402768,0.1965732,0.14382531,0.52750103,0.84299878,0.41762794,0.64335693,33618.0,1880.5924665916448
97,1.2526964,1.83275151,1.2071651,0.58683073,0.3741973,1.85927929,0.08875117,0.11902598,0.11430628,0.24990252,0.25213029,0.26275105,0.22575784,0.23800894,0.31337481,0.49333405,0.45536747,0.13601299,0.48587074,0.51595257,0.36405042,0.19983821,35506.0,1749.0247238461538
98,0.74374835,1.96079969,1.4679909,0.517293,1.7249352,1.57554761,0.24339716,0.14281348,0.03383311,0.17665577,0.41715401,0.70271947,0.18614369,0.1698984,0.02370533,0.32132675,0.22967848,0.09586719,0.10017027,0.26363987,0.40993437,0.13515019,78218.0,1631.5446085734732
99,0.41890391,1.09034302,1.48694876,0.83139124,1.18358237,1.07122859,0.48267949,0.05342105,0.28675352,0.06959079,0.53586052,0.40638666,0.43199287,0.48989485,0.10943427,0.34533205,0.1504888,0.18025078,0.35761057,0.47037038,0.7307735,0.85972719,37208.0,1810.4165137008424
100,0.56611734,1.62507655,2.59168954,0.66699961,2.82678006,4.88343284,0.39875611,0.0740761,0.22005489,0.20023219,0.20580037,0.25645925,0.64285878,0.13982706,0.07380859,0.5437705,0.11900099,0.23935939,0.64855561,0.43230963,0.79169285,0.62915729,45101.0,1625.000902549672
101,0.76795827,1.76536804,2.30398226,0.81878626,2.11199124,1.22167619,0.38488437,0.09996983,0.39707772,0.17532073,0.51272434,0.7324447,0.27121444,0.58791147,0.1646835,0.14823487,0.02209403,0.13654176,0.08568496,0.41364438,0.28735762,0.27892391,82108.0,1792.31425944241
102,0.56159608,2.0500961,1.83810613,0.63647633,1.42182127,1.20646841,0.29238689,0.09073892,0.10229404,0.18669343,0.21105458,0.22341383,0.45601523,0.10767839,0.06126065,0.31315031,0.17733844,0.11623925,0.59110767,0.52520861,0.83229774,0.56658883,31948.0,1691.6022422205233
103,0.6954208,1.70286926,1.06215981,0.78507478,1.37252499,1.05549854,0.25206312,0.03149467,0.04500038,0.06631251,0.39460666,0.36791844,0.40763941,0.2811133,0.10030735,0.27096257,0.11735486,0.08228433,0.34990742,0.75125832,0.42540759,0.59414309,82163.0,1674.2765036471317
104,1.01251617,1.72529506,1.53451459,0.78329739,0.65334793,1.53193932,0.25977976,0.06799211,0.2889018,0.08085762,0.43431217,0.04649336,0.27341667,0.58484918,0.54692454,0.28606986,0.44362924,0.41988217,0.39880772,0.17438734,0.44914499,0.23296206,74586.0,1887.1407943950207
105,0.92735401,1.67748226,1.25114632,0.85368601,1.49369652,1.33257531,0.27666107,0.1332205,0.10507895,0.0952504,0.22795867,0.42803664,0.26140083,0.49926751,0.02195958,0.27567887,0.03971111,0.18836801,0.73127304,0.69091696,0.30194373,1.03444344,77303.0,1753.3149759701612
106,0.78249172,1.64014715,1.1460711,0.7301651,2.00373807,1.29016081,0.22200356,0.05215337,0.17060306,0.0271453,0.4368189,0.41594074,0.24643895,0.70702858,0.01335367,0.17693215,0.09818572,0.18739334,0.45127468,0.17836178,0.18421269,0.56767719,76364.0,1594.887348551388
107,0.9674313,2.02549356,1.85418972,0.92473734,1.68080258,1.12734732,0.25199391,0.08475438,0.05685305,0.14798556,0.16360686,0.42697268,0.36003683,0.26859136,0.05562223,0.17326132,0.18944696,0.06562292,0.26890356,0.26533432,0.20441657,0.69614604,75647.0,1631.8561235211846
108,0.86122084,2.11386452,1.14385781,0.75355383,2.01586178,1.76655903,0.21366316,0.02793057,0.06739111,0.17355556,0.28757526,0.15634763,0.34945695,0.38215576,0.08017838,0.26698014,0.09723089,0.16443164,0.28738939,0.29263962,0.41764553,0.77811555,77681.0,1644.3514092822988
109,0.94196089,2.0298312,1.84856585,0.90872382,1.57689777,1.35163728,0.18904024,0.31637697,0.0674045,0.10745203,0.51628569,0.68326796,0.42629041,0.35315636,0.09495622,0.2218815,0.27193612,0.42891941,0.2812391,0.38027451,0.60023797,0.38168822,67285.0,1895.2504448426428
110,0.67570629,2.00217844,1.74072475,1.74645819,2.40764203,2.77777193,0.15596115,0.0438554,0.2368168,0.16636115,0.14998056,0.26281934,0.29549111,0.17855284,0.1067927,0.31787714,0.10639277,0.09820166,1.0812703,0.75932424,0.81111976,0.43082745,931.0,1680.1953818392496
111,0.80180611,1.99476705,1.34828856,0.44027338,1.17226335,2.22490946,0.16028137,0.19917601,0.03499638,0.22235812,0.16991557,0.33172213,0.19654066,0.28030795,0.41552329,0.1774864,0.44795724,0.07188524,0.72004878,0.6222488,0.48681239,0.12974189,76281.0,1658.220660136211
112,0.5042676,1.58814811,1.24325118,0.79659064,1.32625445,1.00547361,0.29754881,0.09605295,0.03338183,0.22354939,0.49422613,0.14644584,0.34572967,0.43985156,0.11659604,0.20536837,0.29196565,0.02612935,0.44328579,0.28540267,0.71394747,0.23312298,76579.0,1713.9353647517592
113,0.72845096,1.20061829,1.13740651,0.86912898,0.74233782,1.1335561,0.33217526,0.09521786,0.30646719,0.39197293,0.63096787,0.42519173,0.40604065,0.22020727,0.1271485,0.30948374,0.42600137,0.02951175,0.42632585,0.31890466,0.78110047,0.41255869,76788.0,1971.5831989756557
114,0.75903643,1.74130383,1.45921072,0.62682832,1.85164936,1.41826645,0.3212524,0.15555477,0.05148379,0.08094662,0.49515536,0.43901353,0.48657518,0.55816092,0.04957773,0.15897707,0.23827913,0.13048311,0.10825312,0.40255058,0.36728407,0.65254866,77578.0,1670.6691470758556
115,0.57890632,2.12217933,1.91272945,0.78920347,1.79447087,1.37720319,0.28125634,0.10139011,0.05794481,0.07650078,0.64572133,0.24776208,0.57489566,0.58583054,0.0236936,0.20738792,0.14846552,0.08725487,0.55105757,0.19924525,0.46456615,0.54438283,75345.0,1641.702315881458
116,0.7524054,2.19834124,1.37438657,0.710868,2.12166929,2.02606951,0.19996118,0.0887221,0.07389106,0.01122204,0.48149275,0.14814324,0.58607723,0.15319432,0.03975752,0.16222145,0.26554969,0.24157303,0.47758486,0.13167204,0.49897873,0.74889082,74169.0,1631.02761050497
117,0.578452,2.52948833,2.54585218,0.57195028,1.24568647,2.27521249,0.24999979,0.03848257,0.16623997,0.13940059,0.21175161,0.38353005,0.15252116,0.0820351,0.2091507,0.50563375,0.34875248,0.33362497,0.18753029,0.44661066,0.532643,0.55260127,84812.0,1701.8727787229925
118,0.78329342,1.90046683,1.4795176,0.72991745,1.60105389,1.37037065,0.31650381,0.05047102,0.08206492,0.148809,0.31974183,0.23698415,0.44017822,0.32900321,0.07353964,0.20810851,0.16063965,0.26405769,0.49793803,0.72991787,0.72435608,0.49597313,76669.0,1732.164293237219
119,0.67556446,2.18281399,1.36890731,0.77847327,1.73941643,1.4157965,0.22006492,0.06586895,0.08713191,0.06545294,0.39905958,0.57929044,0.36339649,0.43482185,0.00549683,0.21140107,0.20126156,0.1714318,0.12250113,0.51170602,0.41345237,0.83487864,74556.0,1664.5100112376942
120,0.66305771,1.94170078,1.49334193,0.72842426,1.54373387,1.53406283,0.30633949,0.05798492,0.08053345,0.13361011,0.25226526,0.26989725,0.15260307,0.21985296,0.01573102,0.25998046,0.33836087,0.05017137,0.41039556,0.4398313,0.48818391,0.37715656,76210.0,1563.4074939820791
121,0.90648415,1.6854117,1.14684969,0.70248992,1.48640513,3.54351106,0.03519076,0.249948,0.05479689,0.10941328,0.25630885,0.27900408,0.45213126,0.77339659,0.51833526,0.27937486,0.15702302,0.4135562,0.63752061,0.50921537,0.79980671,0.49169968,11244.0,1773.9007652019948
122,0.8233231,2.47524156,1.63166924,0.79899633,1.01878736,1.35707925,0.15820286,0.16197106,0.04990343,0.08637767,0.2587045,0.24324448,0.52253886,0.54445983,0.24839865,0.3119559,0.27013014,0.09104879,0.61835725,0.47855318,0.29439762,0.25971795,78040.0,1785.2302892420123
123,0.98410959,1.83451655,1.35652839,0.78329229,0.97068317,0.92226544,0.23309979,0.1874775,0.00998336,0.15174655,0.45378854,0.67558925,0.30156703,0.47672409,0.41689596,0.19360476,0.20343857,0.07139678,0.28846105,0.12235011,0.53766021,0.65852866,77502.0,1880.466610813628
124,1.19481164,2.07114299,1.23993016,0.65262254,1.90006993,1.56625306,0.07833616,0.12037337,0.25163757,0.06812166,0.31262054,0.27974096,0.49761919,0.53735041,0.24442588,0.19246995,0.005219,0.13836664,0.59612241,0.70689944,0.3531177,0.67274634,38535.0,1633.2187315543968
125,0.26314795,-0.04878457,1.82115155,0.28204295,1.31694247,3.2983259,0.45933206,0.40616055,0.10905121,0.50311615,0.51563532,0.27225331,0.47331047,0.21642057,0.28219427,0.45104623,0.39996417,0.22802307,0.51000721,0.44850011,0.50079769,0.85309761,47155.0,1742.7537250610796
126,0.78219889,1.50696578,1.56992327,0.63325837,1.92768436,2.95322427,0.35962173,0.0595318,0.22441737,0.06039246,0.31266134,0.1979504,0.19494384,0.19841879,0.010106,0.31900239,0.14727929,0.20304071,0.35335619,0.53087983,0.47573824,1.69738778,46488.0,1621.9991028272568
127,0.55209926,1.88593573,1.42003513,0.46738583,1.52084821,1.92391857,0.25591109,0.04169522,0.0918562,0.1121807,0.11287096,0.20095725,0.42951799,0.27735789,0.07691855,0.42242059,0.22654824,0.0790009,0.18347625,0.15719529,0.23252969,0.49390662,34325.0,1542.674657295399
128,0.75023463,1.95857435,1.14920477,0.65263432,1.47308891,1.26771543,0.26297534,0.08827527,0.02099711,0.11888194,0.30374883,0.1660702,0.26388925,0.11515653,0.02672952,0.23587939,0.27869713,0.10022381,0.71057033,0.3555112,0.2529585,0.57741843,75535.0,1600.8809345478646
129,0.50009435,1.79930772,3.35906211,0.59336513,1.82998492,2.08669776,0.42181947,0.2430569,0.39634869,0.29635671,0.71252627,0.11936741,0.42501088,0.25431879,0.21853891,0.28110996,0.00866028,0.18751856,0.47100888,0.74008866,0.21623106,0.68858951,12657.0,1773.009823928389
130,0.96985892,1.53862998,1.08702181,0.61119296,1.09966351,2.38966819,0.1824315,0.2701255,0.03018981,0.08526128,0.70546438,0.24724851,0.68897131,0.31915053,0.42488177,0.01015084,0.2166494,0.43937116,0.91938452,0.29773409,0.36467287,0.43361072,13424.0,1786.724149200404
131,0.82937983,1.6962983,1.27406963,0.71789314,1.28604163,1.02050564,0.08780814,0.25742031,0.04452177,0.06367001,0.45867977,0.48236539,0.21311104,0.46549567,0.26198453,0.05723973,0.24268259,0.12005008,0.25250267,0.39575067,0.78445555,0.26150956,79116.0,1663.007742556327
132,0.68872412,1.49061273,1.11706008,0.80211877,2.386991,1.76418418,0.3301781,0.09164904,0.04923317,0.06544922,0.07604348,0.27805595,0.1140559,0.25952236,0.02952309,0.20168576,0.04914114,0.24159188,0.48332101,0.40590226,0.48415159,0.44935077,38793.0,1533.926020275713
133,1.15560854,2.00194504,1.3345048,0.97891658,1.07583031,1.51194324,0.24448123,0.132213,0.07577127,0.03020861,0.32540647,0.27792345,0.40265218,0.20741436,0.02551967,0.22830385,0.41597241,0.35230842,0.63042461,0.24742068,0.60259811,0.51688582,36483.0,1729.2303187618763
134,0.51219106,1.81671381,1.5227838,0.76999319,1.27606949,0.95090718,0.32226064,0.09702354,0.11972668,0.12273046,0.48391309,0.04325687,0.48186475,0.33068546,0.02083613,0.15567063,0.29246381,0.13387703,0.43989073,0.4386476,0.49793766,0.15684626,23430.0,1649.1495099731417
135,0.64588245,1.61048903,1.24091327,0.52653608,1.21009807,0.81415282,0.21725777,0.05967686,0.1978998,0.10080762,0.47431396,0.57688503,0.41189217,0.19322334,0.22072496,0.42844424,0.04826793,0.30679788,0.46582055,0.51721743,0.3811536,0.24228986,22971.0,1874.6740320353435
136,0.75659043,2.19827519,1.98261939,0.82250341,1.37674515,1.42439853,0.25761902,0.12712352,0.01338422,0.21262367,0.41665092,0.25807216,0.06589248,0.34306887,0.07357335,0.27190927,0.35708425,0.07610309,0.20046819,0.51720353,0.52499156,0.71147223,20035.0,1629.400608851678
137,0.43630336,1.5606363,1.55992348,0.65045331,1.44172237,1.09179611,0.2722145,0.01193419,0.09000559,0.22234378,0.2451959,0.73765301,0.6154841,0.43394762,0.0812279,0.33486674,0.23733981,0.1142838,0.06842658,0.18341852,0.27845439,0.1569687,41349.0,1618.4563204044614
138,0.55956468,1.01570924,1.29226594,0.81392279,1.79963979,1.60635909,0.37184911,0.07912664,0.18498269,0.2674611,0.47686814,0.4853935,0.58245307,0.47305167,0.07258546,0.27039822,0.11457697,0.21650129,0.36283009,0.33884485,0.30321257,0.34961394,28871.0,1761.7537029089897
139,0.72091087,1.64275938,1.05586,0.8337047,2.3829287,2.11060161,0.24244589,0.02943053,0.0582466,0.18417726,0.16044143,0.41272655,0.27853768,0.21495929,0.02657224,0.12396203,0.25852531,0.03678216,0.25127192,0.75176543,0.42862052,0.20168015,42936.0,1540.1221069088003
140,0.51857753,1.61220738,1.23509483,0.7225863,1.22526312,1.40786049,0.29061204,0.02332093,0.15299179,0.10728874,0.31681998,0.13242534,0.26736966,0.58231968,0.08759186,0.41810974,0.39809677,0.11452896,0.46965838,0.30403827,0.33438735,0.29814728,19703.0,1703.4949193453092
141,0.79421356,1.72237432,1.51755275,0.47896776,1.82148975,1.97263778,0.32569367,0.03563153,0.04640599,0.07253429,0.59504198,0.72247168,0.45430794,0.76549345,0.02965633,0.29800613,0.26333624,0.25524865,0.82498058,0.29294425,0.27090709,0.62034505,43810.0,1716.986353550422
142,0.79398326,2.16272614,1.65919164,0.77129972,2.00240823,1.49430953,0.2304234,0.04973194,0.12629646,0.05830882,0.23560465,0.25681274,0.61153714,0.42671487,0.02588786,0.2032809,0.13017337,0.18165757,0.83211001,0.17653136,0.75504219,0.44918769,27537.0,1630.673736818855
143,0.72429955,1.79329984,1.06897952,0.79413901,1.91291852,1.41041721,0.21668583,0.02606314,0.02924344,0.15750951,0.30944023,0.44218078,0.57500485,0.45541364,0.03279202,0.08764178,0.30386673,0.05382946,0.38568774,0.21234185,0.25141187,0.55173633,50821.0,1626.1749488890052
144,0.85087087,1.77110554,1.34642495,0.79579674,0.94441616,1.18756689,0.30579856,0.06125403,0.20339952,0.01838495,0.78329303,0.74883101,0.51693367,0.37049822,0.05346209,0.44611333,0.39723192,0.16547223,0.30768743,0.25874134,0.55949673,0.46961059,24564.0,1867.4357262729995
145,0.43184754,1.44863181,1.60155035,0.71843191,1.96564184,1.4146895,0.24436714,0.03167888,0.29202627,0.16203269,0.73690867,0.56040834,0.60691702,0.19716782,0.17652688,0.18575983,0.04907427,0.06593004,0.42694613,0.4658752,0.18775868,0.72070818,26781.0,1733.995913058148
146,0.68671727,1.3647128,1.7016436,0.74991708,0.94427194,1.37951031,0.40489911,0.20089739,0.03399818,0.20581468,0.25616696,0.26918288,0.3361131,0.27630716,0.28041258,0.4814074,0.43484004,0.28733262,0.4170001,0.53735265,0.27859907,0.33395398,22988.0,1882.8482091837136
147,0.49627913,2.07609038,1.53802247,0.49773312,1.71393172,1.61647948,0.23694548,0.07083497,0.07939837,0.10300021,0.34710675,0.4994681,0.52612585,0.25133075,0.00966744,0.33691874,0.23834746,0.02889368,0.28544497,0.40129847,0.44805759,0.24218128,14948.0,1581.8660375637617
148,0.43317903,2.35481041,2.9875686,0.17643373,0.94585361,2.02744397,0.0950398,0.16330811,0.43741629,0.16678699,0.30480128,0.40678272,0.49022762,0.1849443,0.5491119,0.42241901,0.09187804,0.69594549,0.420557,0.17004242,0.07719542,0.33301544,40687.0,1705.1507617022476
149,0.42399309,1.68416221,1.1892937,0.700623,1.67258971,1.60967934,0.13071559,0.26195003,0.06221251,0.05830515,0.42181957,0.39179791,0.24364353,0.47086793,0.11868002,0.01137614,0.30651315,0.1928128,0.43905805,0.75905725,0.62014059,0.52616926,21426.0,1655.735501173681
150,0.68233339,1.94426884,1.72898634,0.621859,1.74967722,1.67856892,0.26076062,0.08332303,0.12192874,0.07067341,0.43503414,0.2077857,0.26212881,0.34498978,0.00370827,0.30212639,0.10575099,0.19082513,0.38540262,0.18411872,0.28463418,0.51924654,42254.0,1564.9786861948835
151,0.61130402,0.86864521,1.57899507,0.24027011,-0.47121749,3.90963883,0.4900672,0.04670211,0.42077681,0.40201134,0.5635967,0.80651033,0.41786074,0.4735685,0.38204762,0.41752524,0.35794664,0.64420881,0.26748153,0.56537069,0.51641119,0.59011011,48613.0,1880.2482587537747
152,0.71678064,1.98800354,1.47364034,0.78807214,1.51972167,1.14171798,0.25919471,0.03951095,0.05254357,0.08763448,0.33840698,0.16946907,0.53360406,0.2595631,0.03917299,0.23363066,0.17160809,0.19801607,0.14569358,0.41649037,0.47811383,0.31563293,21272.0,1565.3530154224554
153,0.45045481,1.73336415,1.67128544,0.97439413,1.88179551,1.66519992,0.28153772,0.10634559,0.02158162,0.20799552,0.17968837,0.25937673,0.19933119,0.16627521,0.02369425,0.24650597,0.20687547,0.08397499,0.15800411,0.1672308,0.20655501,0.15920454,37401.0,1493.132036895905
154,0.32745181,1.32355918,1.89421902,0.80477004,1.38189992,1.51261592,0.45534979,0.12154711,0.12401925,0.10992061,0.71621072,0.79574448,0.3062682,0.42628886,0.12663589,0.31652371,0.20416622,0.32580629,0.5163825,0.83396115,0.18863037,0.54984526,17223.0,1866.748237059346
155,0.29257823,1.99827831,2.29684265,0.70099011,1.76976047,1.70640071,0.27608938,0.06709941,0.12707458,0.33695008,0.3812846,0.52234185,0.32041965,0.40437596,0.0630624,0.3553473,0.14294242,0.05883314,0.65997991,0.67314842,0.4123967,0.24268293,23167.0,1627.870067262792
156,0.4832291,1.68867164,1.29452821,0.78329303,1.78850109,0.79548912,0.29932129,0.14679602,0.17011643,0.16828044,0.18607066,0.10782947,0.10283819,0.50006672,0.13792065,0.17099834,0.21056181,0.05693324,0.12417099,0.45290534,0.50571222,0.62505964,19175.0,1863.4527782050625
157,0.75010036,1.64326839,1.83556804,0.52089873,1.85698047,1.57347788,0.27852748,0.01467312,0.1037013,0.21699253,0.58780266,0.53814743,0.6921914,0.19755168,0.17602011,0.23448542,0.18698107,0.01150185,0.53544666,0.16911428,0.58185296,0.84826955,15291.0,1704.9747190722755
158,0.69233437,2.26114965,1.66300591,0.97500556,1.80924118,1.97036246,0.28408883,0.06179659,0.03632178,0.05540244,0.39424014,0.40451095,0.22494017,0.29929511,0.20264146,0.28516209,0.3465428,0.09591916,0.19343436,0.37265224,0.41629452,0.6689347,35193.0,1689.691523773903
159,0.46373492,1.61159439,1.55899819,0.80312132,2.04503459,1.59277439,0.34058485,0.05726819,0.08752346,0.08390001,0.71277008,0.50140416,0.5398697,0.11095686,0.0588664,0.18649512,0.12562545,0.19841522,0.47244415,0.2551372,0.28141357,0.28609858,24895.0,1608.5097612409618
160,0.43159469,1.32483625,1.7372165,0.91200689,2.0914696,1.2401866,0.38279793,0.14616597,0.0478282,0.24924323,0.72844708,0.52042758,0.34800231,0.76498337,0.08900322,0.17928724,0.16775102,0.09033239,0.25315276,0.3800508,0.29863979,0.47087621,24616.0,1728.4588043812191
161,0.45581291,1.30956363,1.76379602,1.50377154,2.19461208,1.14638711,0.2947462,0.07662235,0.23341876,0.21348714,0.34524317,0.61748601,0.82624406,0.35303674,0.03953757,0.27309214,0.15148929,0.09883459,0.20033469,0.57221408,0.28102381,0.40211417,18021.0,1756.4056666481515
162,0.7370395,1.32623795,1.35045349,0.71200323,2.22925622,1.55822822,0.32387108,0.11431607,0.474562,0.13006784,0.19927724,0.29685556,0.37024824,0.45556718,0.12088008,0.26183138,0.04445181,0.06987544,0.69591253,0.80478462,0.59103417,0.1853359,18186.0,1843.678453668663
163,0.47843588,2.04585512,1.37542128,0.78034514,1.49984102,1.4574406,0.25524661,0.07529049,0.12550796,0.04007666,0.05031792,0.06415098,0.35116916,0.29861535,0.03294478,0.29638489,0.10614402,0.25754222,0.23828556,0.54445038,0.20536761,0.78207429,24533.0,1606.654197480468
164,0.56398634,1.91011103,1.44826084,0.82261633,1.78355006,1.34679101,0.25177166,0.15975363,0.02970091,0.01458465,0.32160184,0.43137028,0.47596338,0.62201364,0.00673287,0.14834428,0.1858652,0.20757723,0.1114127,0.3104834,0.36171646,1.0079681,14186.0,1610.720373726785
165,0.67376497,1.31383963,1.41940122,0.47083379,1.59673744,1.70146309,0.45381135,0.11067989,0.36428513,0.38103546,0.07679259,0.16270053,0.08500278,0.03830749,0.39555852,0.25734772,0.25662294,0.08902938,0.43026154,0.49607869,0.28643119,0.61489014,25065.0,1920.2842733948517
166,0.77911977,2.25990439,1.45966278,0.78929768,2.16213961,1.83093423,0.26403702,0.11160081,0.01889922,0.08170778,0.28862824,0.44343595,0.41512015,0.22795705,0.03468276,0.2786088,0.24443009,0.07361205,0.21012863,0.16425782,0.1572579,0.41058765,22985.0,1553.63497768838
167,0.83733153,1.98607698,1.97333884,0.85188754,1.86822234,1.28024827,0.34069062,0.08434005,0.11238481,0.10097513,0.50388252,0.53340412,0.63565843,0.10646825,0.01793702,0.2599412,0.13303091,0.08281982,0.1678899,0.44860376,0.33301273,0.29313324,23834.0,1592.6588918861069
168,0.67556393,2.22092066,2.55988196,1.09456085,1.19227285,1.00108947,0.29006645,0.03136117,0.26018776,0.05650836,0.46770355,0.87008467,0.35704369,0.37077115,0.17794612,0.42410238,0.13828853,0.21259256,0.32976615,0.21308448,0.84582929,0.30094852,58133.0,1805.1269064266637
169,0.54478403,1.99087436,1.33641084,0.8553987,1.5565235,1.15370341,0.26429102,0.0733787,0.09319108,0.0200665,0.43444815,0.27171566,0.43450066,0.15849113,0.04053759,0.24828609,0.11083519,0.1837312,0.25857434,0.23047248,0.16479618,0.32889701,38970.0,1545.3563431394716
170,0.6132041,1.4947723,1.84526842,0.81045896,1.48724642,1.43881589,0.28375165,0.05349788,0.23174724,0.25555323,0.03437495,0.39966303,0.31414964,0.3259856,0.10532406,0.35483327,0.05635037,0.19036009,0.48342808,0.46108785,0.16178483,0.66344689,59262.0,1660.2691202427316
171,0.71616711,1.76586042,1.39160765,0.60319731,2.21706662,3.77131894,0.27198886,0.1455627,0.11957679,0.03057199,0.49072094,0.46010683,0.09741625,0.316963,0.0197383,0.28574539,0.43356743,0.44202236,0.67079727,0.4276147,0.51300666,0.26327967,76512.0,1676.3043359882397
172,0.77785606,1.69859839,1.66959018,0.74097159,1.6437164,1.02763494,0.31477655,0.06509744,0.16012209,0.09023244,0.41999417,0.38560466,0.26053938,0.60189586,0.01553195,0.22851584,0.15536441,0.07076927,0.47580045,0.47453934,0.41135009,0.5196909,38650.0,1678.2985268991304
173,0.62056,1.75341735,1.51318389,0.47442995,1.17059562,1.14641144,0.31397144,0.08573631,0.02511549,0.08625068,0.39647762,0.73292727,0.08432985,0.53315745,0.26663397,0.40210085,0.24516512,0.28489047,0.33891814,0.31947265,0.58292636,0.48671514,39161.0,1842.0970283168444
174,0.97380448,1.42383057,1.622099,0.98905192,1.70629545,1.4557681,0.41594922,0.06843106,0.30471321,0.0394104,0.48069779,0.45012674,0.66146253,0.57989064,0.12231771,0.25454393,0.09468217,0.19867769,0.25377081,0.26738774,0.33635999,0.19502413,59115.0,1726.4734826846789
175,0.72679297,2.16958366,1.95607385,0.31602853,1.2673461,1.48757752,0.33841892,0.07350792,0.17616153,0.07658314,0.76840824,0.48191476,0.44815057,0.21919506,0.41988165,0.49714201,0.22985424,0.44769728,0.24306986,0.26817658,0.34572362,0.49973824,78302.0,1980.698734706962
176,0.54298197,1.99106312,3.20454341,0.59454204,1.27488217,3.20887986,0.38009918,0.2907363,0.43085687,0.16239395,0.13632264,0.07831438,0.17664488,0.33457167,0.48355598,0.52202759,0.27946893,0.41087391,0.34197503,0.33404801,0.65215619,0.26792076,54011.0,1752.7350256420332
177,0.76111212,1.48948808,1.04838105,0.68967453,2.02713824,1.5905199,0.23322311,0.01707656,0.23252251,0.09599753,0.68461948,0.77197683,0.74324381,0.40741386,0.18767937,0.25059709,0.02977805,0.06950663,0.40784273,0.62939222,0.31609848,0.11095014,37992.0,1740.0152610715356
178,0.50795266,1.41676808,1.56056451,0.72192775,1.61267514,1.66183578,0.23596749,0.02094026,0.17387141,0.29082474,0.29147255,0.28558087,0.50658723,0.47679042,0.1129539,0.37194854,0.10564769,0.12261082,0.60078494,0.58846877,0.28163259,0.398903,63515.0,1631.7962793334966
179,0.64647291,2.09253657,1.66082092,0.58862681,1.58509503,1.20443693,0.19587805,0.009274,0.25506691,0.16398105,0.44111427,0.43711641,0.25908258,0.18830409,0.15400237,0.31759011,0.02539886,0.16944481,0.44411195,0.49507472,0.47742621,0.44726833,44066.0,1655.331096535003
180,0.71505801,1.85060799,1.3732768,0.58632788,2.00191938,1.41427503,0.24130225,0.08268752,0.05971907,0.11407668,0.47170183,0.31620454,0.08353947,0.14350844,0.03307122,0.21637544,0.02738079,0.15568785,0.43935506,0.5452593,0.43797259,0.29175159,35190.0,1576.5788319588166
181,0.41038421,1.66172843,2.00254189,0.47998054,1.21946841,1.87185619,0.25718521,0.21118493,0.03177192,0.3512205,0.22157552,0.28396027,0.36232663,0.27714038,0.30828683,0.25897821,0.42443417,0.31840781,0.32828982,0.93538778,0.40639664,0.23743121,43761.0,1850.0287933938848
182,0.89051844,2.17052186,1.78604438,0.70414618,2.0271088,1.90704857,0.2269489,0.05058319,0.07012461,0.08227458,0.50770749,0.52238206,0.81348963,0.49307804,0.0237998,0.16009481,0.3244104,0.11888565,0.31103351,0.34142624,0.32975266,0.15606737,32325.0,1581.9236356535953
183,0.83712762,1.82186334,1.38121351,0.82333625,1.63079668,1.32299784,0.31550024,0.04759685,0.08741977,0.06626129,0.07976459,0.71614851,0.41222588,0.58434797,0.03829536,0.23099309,0.14529069,0.24757397,0.15968402,0.42530155,0.35727428,0.63186702,25246.0,1684.9487922855726
184,0.78329892,1.88228793,1.81948702,0.75366926,1.88271024,2.61181873,0.26806748,0.07254871,0.0308641,0.140282,0.61029398,0.20532008,0.45393173,0.21662431,0.38958724,0.40710156,0.2675244,0.4037861,0.43861758,0.35515057,0.661504,0.33692729,19342.0,1944.693055520224
185,0.83393946,1.56265888,0.86218323,0.55019673,1.5187893,1.25868439,0.23798407,0.06786242,0.09233321,0.01866752,0.11972023,0.25565764,0.24303619,0.09646582,0.10657826,0.24227085,0.22555429,0.23283607,0.11963894,0.38130885,0.28922818,0.31486042,14655.0,1583.1694332260306
186,0.90761251,2.64851806,1.94992274,0.45363116,2.06501359,1.63468391,0.29252334,0.03936498,0.08615496,0.05175747,0.32796337,0.08781266,0.16260669,0.7338137,0.07507961,0.27591368,0.14266181,0.01359082,0.24088021,0.2695216,0.43640937,0.51002851,40302.0,1610.9163665489614
187,0.67226931,1.7037926,1.14510068,0.46902433,1.14675554,1.2498349,0.2334077,0.03094897,0.20561817,0.05412466,0.23603948,0.55428271,0.61382313,0.58510099,0.1949154,0.39719007,0.05690247,0.41030535,0.32168625,0.68614634,0.42160164,0.60831858,13909.0,1802.9851651488264
188,0.34416615,1.47649467,1.69917148,0.7187755,0.61803402,1.00003561,0.26554673,0.03574063,0.30531263,0.18491839,0.54012221,0.23183781,0.44754488,0.20001826,0.41293354,0.45226245,0.14973972,0.49410876,0.31584269,0.39193859,0.42648571,0.37891141,26422.0,1893.180007716609
189,0.54030793,2.07031429,1.67026219,0.81562043,1.65201323,1.29512385,0.27986966,0.09208567,0.02700269,0.09763535,0.07871438,0.14072355,0.45556307,0.31906649,0.05810069,0.26013638,0.20789818,0.11847967,0.40777747,0.41314473,0.12757699,0.26366578,25541.0,1565.1994774147508
190,0.61078557,2.03282902,1.75327511,0.61485451,1.30426798,1.5344996,0.14149367,0.2731461,0.0511667,0.17605438,0.16577901,0.35048559,0.25440335,0.62921474,0.35522751,0.0886346,0.43204854,0.10447301,0.64974255,0.47863358,0.46737463,0.17354182,23075.0,1726.149035179157
191,0.83029324,2.47032954,2.44325229,0.51731862,0.23434329,0.63588976,0.05251805,0.06372566,0.22517304,0.06260245,0.74117103,0.51165026,0.77402332,1.26303748,0.49583366,0.21812087,0.1862765,0.46202178,0.53937583,0.21922592,0.16905906,0.17525487,48509.0,1753.3512481750304
192,0.49840742,1.73142418,1.62840298,0.80001944,1.67648453,1.34868966,0.34200565,0.11636759,0.21634343,0.0502581,0.28170263,0.21520759,0.33468715,0.14019635,0.02709591,0.24537541,0.06140959,0.18492071,0.6297639,0.15751575,0.18740468,0.47330342,25696.0,1595.4576241543705
193,0.75979486,1.63432601,0.8978829,0.67868556,1.92229904,1.20249922,0.269132,0.04431421,0.06873513,0.1059347,0.42301576,0.46562555,0.69231207,0.6263632,0.03590607,0.19878833,0.11762216,0.09461803,0.19283556,0.24156686,0.37110609,0.30534983,25287.0,1672.5729090914506
194,0.73385264,1.42856468,1.0436681,0.76576939,1.21713285,1.22853539,0.22323616,0.05092628,0.19535714,0.0643919,0.1466633,0.40240658,0.33303006,0.4148231,0.12035962,0.26848438,0.2403479,0.2723172,0.80513451,0.26448634,0.54933059,0.53395186,40923.0,1784.7591680952062
195,0.70746591,1.6107899,1.37868264,0.82489016,1.58821978,1.42287428,0.27801643,0.10667866,0.10630553,0.05382771,0.61374207,0.36549733,0.13200792,0.30263468,0.03745708,0.22107626,0.15819099,0.26088992,0.16304276,0.38968515,0.56457375,0.64459571,24178.0,1652.557994557289
196,0.61298428,1.73199585,1.55138087,0.57790241,1.26195562,1.78788524,0.23415561,0.26995531,0.1010688,0.05027069,0.09071198,0.21249353,0.15056282,0.38808141,0.08649568,0.02344763,0.4600385,0.19501955,0.78826022,0.24743068,0.57499457,0.1218517,38769.0,1595.1430844784904
197,0.72787171,1.67322283,1.39712031,0.73958105,1.52145976,1.29579868,0.28740893,0.02823594,0.04851445,0.25690758,0.26370504,0.21635845,0.19407517,0.41357534,0.20662838,0.26811787,0.15942972,0.06000461,0.402433,0.46531563,0.41888964,0.43050993,26755.0,1671.5919704187138
198,0.98306584,2.28346113,1.28192546,0.9937278,1.58523149,1.09440779,0.24672736,0.11956135,0.07131543,0.0776001,0.10908736,0.22037147,0.50795915,0.40603547,0.08060823,0.34434177,0.11722335,0.07440796,0.11482978,0.48159595,0.39225324,0.28049319,26931.0,1735.753416158408
199,0.68975044,1.69937453,1.48798718,0.75673819,1.60096943,1.60179746,0.31267259,0.13132141,0.1191916,0.02987763,0.49468691,0.40428683,0.45444567,0.09561022,0.0913083,0.42067743,0.20600134,0.1930318,0.16562873,0.63749537,0.42953629,1.51811423,25656.0,1906.723337931576
200,0.46646466,1.28769256,1.29374972,0.77656106,1.05612348,0.8317254,0.22312305,0.0580932,0.20115041,0.1011674,0.77495678,0.69102161,0.28916086,0.69077228,0.19112216,0.42461715,0.00818918,0.30763043,0.81670966,0.43999724,0.66450262,0.51534195,26407.0,1915.3742502543105
201,0.74876112,1.48735946,1.33632438,0.63495258,1.618034,1.38942778,0.34377021,0.1456984,0.220287,0.02536056,0.34925837,0.32870458,0.28106595,0.7078233,0.09927408,0.21060398,0.06391234,0.32327402,0.38447841,0.30935418,0.27728255,0.17538236,28591.0,1678.3104412052585
202,0.58824316,1.41513165,1.612391,0.44934493,1.61591048,2.29635017,0.37554769,0.06737052,0.18196525,0.05562389,0.36652082,0.17137162,0.1848459,0.15355592,0.14593687,0.34906035,0.09894067,0.43566914,0.66393635,0.39573822,0.48640962,0.11611187,41951.0,1627.7527775327474
203,0.69351323,1.99263773,1.94276184,0.72991775,1.90429612,1.56905342,0.31750845,0.10444593,0.03711424,0.10217385,0.27416917,0.4945993,0.5164656,0.69215833,0.01196892,0.27654097,0.13867091,0.18322296,0.22126398,0.1759895,0.14595474,0.17955401,17942.0,1560.8996283489475
204,0.68983853,2.0449232,1.2464224,0.50203111,1.63503598,0.93883491,0.22501679,0.061147,0.08658028,0.03574266,0.72905459,0.33139051,0.43531346,0.5222945,0.05982297,0.16590836,0.20500487,0.208592,0.29232268,0.15400065,0.21628068,0.21102133,28916.0,1639.3061825059965
205,0.50134183,2.24472212,2.47304666,0.72207429,1.5590459,1.61562185,0.28593003,0.06665082,0.13604272,0.21403267,0.24770102,0.31449777,0.54121453,0.72209598,0.1059455,0.35082935,0.28727382,0.04120499,0.21315915,0.18214909,0.19567165,0.13086842,21226.0,1584.4776531124105
206,0.98469694,0.65883968,1.78027181,0.25071337,0.03788228,1.26918102,0.35221805,0.39719544,0.29140286,0.0327889,0.51773351,0.57291999,0.82775907,0.5594041,0.41450779,0.51769541,0.44662789,0.60516883,0.40684521,0.22799478,0.47528985,0.37914924,42459.0,1947.113703675768
207,0.79446837,2.11772192,1.41185976,0.47610028,1.78222144,1.29246327,0.25406098,0.02389431,0.12120182,0.0234515,0.34362434,0.39865246,0.50160759,0.47867189,0.02355073,0.21928925,0.05546919,0.11377252,0.24172882,0.28956316,0.53784906,0.74613748,38820.0,1595.7547147480684
208,0.53185512,2.00006611,1.82770246,1.4889712,1.82375251,1.48428196,0.2615736,0.03649869,0.2397306,0.21276847,0.68132745,0.39745564,0.23521914,0.15075158,0.07256157,0.26610945,0.15433118,0.12100131,0.29697238,0.814428,1.02496566,0.64098919,17226.0,1774.9063750956373
209,0.77018234,2.17092511,2.12725679,0.8514867,1.59158414,1.18733399,0.20450163,0.15628855,0.23991819,0.07295502,0.75744816,0.78549453,0.60092313,0.6514202,0.22116948,0.05433085,0.17179741,0.28702427,0.14576383,0.11073735,0.46218988,0.30563589,12107.0,1813.0219033481328
210,0.38926188,1.61710463,1.44364525,0.61722717,2.00447409,2.05524729,0.31569532,0.06028907,0.21741502,0.07519046,0.32339718,0.09382085,0.25956896,0.55463859,0.05963544,0.27688601,0.05577472,0.27923534,0.24494271,0.62491038,0.24319864,0.4067965,40306.0,1586.100899378046
211,0.80958364,1.62507539,1.05379612,0.572275,0.63264522,3.00299238,0.06567167,0.24214731,0.08308425,0.15108778,0.380617,0.2229108,0.26526202,0.48665009,0.29652219,0.50277335,0.31050634,0.4409073,0.20649681,0.45348536,0.89928079,0.68701584,38672.0,1743.825940897087
212,1.82329012,1.863577,1.3528619,0.81108533,0.39494373,2.65891481,0.08865918,0.04498253,0.12278359,0.19163717,0.63777444,0.48007852,0.16031479,0.28992244,0.48783971,0.61538723,0.56093916,0.10722751,0.19697456,0.62249548,0.54174055,0.45019184,39934.0,1815.410894179018
213,0.50534862,1.46200479,1.11659294,0.82081689,1.82995345,1.28957994,0.25343144,0.1052044,0.02636029,0.15314036,0.44608377,0.50479624,0.22504314,0.52042233,0.07969897,0.19559826,0.24632781,0.26872605,0.13225623,0.41606249,0.33375499,0.27422027,13480.0,1738.0178594343793
214,0.58241463,1.54823202,2.09071534,0.92266768,1.62302514,2.225462,0.43105971,0.06640669,0.16379663,0.12365428,0.43187928,0.22239964,0.47956489,0.56872842,0.44042837,0.29900473,0.32417431,0.29077234,0.34786213,0.31758978,0.22003513,0.12565984,39922.0,1897.8339007466925
215,0.75628281,1.59034108,0.94308288,1.08370004,1.77011802,1.13489669,0.24181572,0.10499932,0.01644329,0.09898026,0.26015121,0.33234073,0.21442417,0.38572115,0.00863355,0.18728124,0.09792814,0.13940817,0.72617412,0.41140146,0.11421292,0.52011382,23319.0,1652.8471702722088
216,0.76005013,1.76163107,1.55530568,0.92333957,1.81906307,1.21432429,0.30182137,0.11517682,0.04912493,0.06385645,0.43644789,0.46424016,0.40240795,0.72288851,0.08405468,0.20718939,0.24236342,0.15173583,0.15050815,0.25968827,0.7808282,0.17582426,76105.0,1735.324342892853
217,0.65982727,1.68236997,1.35282145,0.6408589,1.70846869,1.24785221,0.21896794,0.02873727,0.16478624,0.04265783,0.70822127,0.268414,0.25663462,0.10891728,0.0273464,0.23266534,0.08634646,0.23023381,0.72085296,0.47301586,0.3759235,0.24701343,74781.0,1626.9792325182764
218,0.77743664,1.91356083,1.49247271,0.84203257,1.55839258,0.84971293,0.26865892,0.02908478,0.08017643,0.07319764,0.69077367,0.12603355,0.5129646,0.21607215,0.0519093,0.23388369,0.17399007,0.17311174,0.47489515,0.43399642,0.48154605,0.29401582,75869.0,1679.0195461064998
219,0.85791519,1.57767005,1.35699434,0.58789798,1.17086746,2.41071064,0.18401707,0.02239137,0.27811618,0.14933903,0.20586298,0.44957094,0.35448993,0.22325726,0.54300996,0.46473285,0.04279348,0.36769925,0.52968662,0.25319285,0.63509328,0.55678215,3753.0,1785.7056074633845
220,0.46285703,1.19985675,3.18068563,0.14516505,0.27626738,2.25019094,0.34774201,0.34801519,0.28898947,0.12422364,0.5881378,0.76783546,0.28892637,0.66923838,0.11309903,0.50167551,0.2554813,0.52041195,0.18583505,0.37432675,0.48547004,0.67583251,10045.0,1728.3852766792884
221,0.32052071,1.66863716,2.01670911,0.79606752,2.14326717,2.68150926,0.41267995,0.11109594,0.04033375,0.11433868,0.29797466,0.16319221,0.39932108,0.45475154,0.10081275,0.22599526,0.26735245,0.2985467,0.712362,0.52497528,0.24147664,0.4794672,16427.0,1653.8335733281272
222,0.79163769,1.73796424,1.50692232,0.98858812,0.54944242,4.38712744,0.29798991,0.22366693,0.04550894,0.05572869,0.43459237,0.43412764,0.6255896,0.70719685,0.40329124,0.49860486,0.45734436,0.72354204,0.55014593,0.27113473,0.69978557,0.38464167,2780.0,1771.9596964802731
223,0.77371918,1.42825501,1.21766899,0.73332696,1.1777413,1.22067978,0.26204097,0.0311118,0.05333514,0.21806716,0.27066112,0.50659225,0.48352395,0.43786588,0.21731272,0.4161485,0.18315741,0.16760203,0.26644983,0.14989458,0.13176358,0.7542861,77003.0,1755.7461018622298
224,0.6793504,1.58158259,0.98757524,0.87444876,1.91103464,1.10013347,0.25369306,0.10463025,0.07879323,0.05816013,0.51067034,0.49377943,0.11192416,0.18374713,0.04080475,0.22465357,0.14096196,0.06822849,0.18947971,0.46308414,0.5680087,0.57074814,76042.0,1676.666739022139
225,0.64078312,1.46834282,1.588007,0.56957283,1.76157792,1.50872647,0.36467891,0.07715743,0.10953871,0.28460773,0.43719963,0.43743548,0.03732628,0.49459001,0.20191145,0.39138393,0.16066575,0.06921092,0.11637108,0.36019788,0.0762627,0.12167394,74916.0,1696.6591106130072
226,0.39783001,1.46648861,0.8887171,0.59573601,0.91708646,2.00555906,0.27900012,0.11505586,0.05841449,0.10349699,0.09422826,0.39194417,0.40140334,0.17906589,0.5423884,0.58114623,0.38251106,0.25536445,0.37792351,0.23148419,0.11969467,0.454575,77533.0,1827.649559200939
227,0.95763679,2.55054253,2.11982289,0.5529971,1.90710273,1.78288788,0.26708413,0.01294116,0.07302817,0.03230545,0.24532722,0.28179297,0.44898987,0.41699429,0.02993268,0.31112365,0.06647131,0.09216537,0.46356416,0.48749013,0.46926667,0.81905848,3777.0,1556.6660608305028
228,0.92535192,2.07189368,1.36570476,0.82632022,1.92001181,1.99999997,0.25692201,0.09817962,0.10068088,0.02172781,0.5372914,0.21647046,0.31577612,0.40502009,0.03524208,0.26326906,0.11737251,0.32011406,0.51861958,0.41002524,0.55991318,0.48309379,75569.0,1635.1535072748272
229,0.32257513,2.24056979,2.19892618,0.6765541,1.66261997,1.30585789,0.30257598,0.11510217,0.19794468,0.12151129,0.19945991,0.33208317,0.35141768,0.26283641,0.01414929,0.26098034,0.1388111,0.03504198,0.68991729,0.80383025,0.27804647,0.80792858,3520.0,1688.5432552152868
230,0.78690353,1.95251539,1.21760677,0.70210032,1.91436108,1.86476408,0.23298085,0.04376498,0.10913833,0.09799358,0.51372004,0.22176876,0.09703451,0.52185974,0.03506949,0.23240304,0.12107809,0.10642307,0.40512692,0.56014255,0.56756368,0.41273851,75753.0,1608.724737424022
231,0.37746964,1.51035918,2.14971355,0.81408876,1.80407719,1.31090343,0.23047106,0.08393223,0.36635481,0.02586219,0.56566882,0.64306749,0.74202813,0.2870962,0.10150649,0.2540482,0.05863528,0.11715933,0.24038518,0.3949755,0.16475219,0.43352883,10406.0,1623.6500294958785
232,0.9533175,1.91796068,0.94402523,0.64986929,1.37067451,1.03118802,0.24994889,0.03155229,0.04171994,0.00539944,0.37953765,0.42458598,0.53208487,0.42158663,0.04879449,0.20626169,0.18938919,0.08307862,0.59806598,0.57805749,0.38970589,0.44391033,74490.0,1670.1400669114903
233,0.72192972,1.98347655,1.81243004,0.30167917,0.73376889,1.18032184,0.29963757,0.02762285,0.23276361,0.03830464,0.26790718,0.12803077,0.44033442,0.6615484,0.04183197,0.47010921,0.09234963,0.4210573,0.44231717,0.49134374,0.11964874,0.430226,77692.0,1680.9124106680536
234,0.45288877,1.61377424,1.18896345,0.55691195,1.8207834,1.55463311,0.24517244,0.05760973,0.00943125,0.18301467,0.44918614,0.23928606,0.29355283,0.81300765,0.05465749,0.21451507,0.089216,0.14125852,0.47763548,0.19791734,0.31933839,0.17598584,76505.0,1666.9588559672222
235,0.48720033,1.8539851,2.20822664,0.68810616,0.80243889,0.88907763,0.30443739,0.14803371,0.17075169,0.16679904,0.61617395,0.22686285,0.25093461,0.50244859,0.02696301,0.39674355,0.1138916,0.42632944,0.34203368,0.53376892,0.17460566,0.49377324,1848.0,1759.3087245695606
236,0.74361305,1.59876958,1.28764338,0.86899443,0.8211254,1.67885448,0.25774138,0.15593391,0.23644118,0.26693475,0.1654811,0.77498646,0.47251802,0.16051565,0.37320575,0.49661162,0.45089358,0.26489586,0.41321969,0.21265033,0.54488121,0.15326201,4049.0,1960.8882478128692
237,0.74584944,2.00352068,1.6241066,0.99095293,2.18500365,1.65839977,0.2074351,0.05315369,0.0113647,0.16220972,0.37607343,0.38632422,0.23849211,0.42011476,0.0434013,0.22897639,0.18422693,0.09808046,0.46629757,0.73109962,0.72714421,0.47779787,76317.0,1579.4240753852778
238,0.8447197,1.67158772,1.02604156,0.73926063,2.00749459,1.15158488,0.2518165,0.05453696,0.08455734,0.13792038,0.36963127,0.08864165,0.42674986,0.4989535,0.04005834,0.21088657,0.1075274,0.04644952,0.23961121,0.49342014,0.33770687,0.51737171,77675.0,1589.928408714448
239,0.87738424,1.28452718,2.33093877,0.76310108,0.63853929,3.59638521,0.39769804,0.4007102,0.32712091,0.11375935,0.12857201,0.1180525,0.27431466,0.09626397,0.43183489,0.40401622,0.43724922,0.62225861,0.47981591,0.40952776,0.34642635,0.44514187,10445.0,1698.0432026337537
240,0.6490072,2.07011623,1.66472594,0.83359639,1.94072557,1.36716708,0.21891042,0.03581524,0.10897785,0.1865763,0.33173457,0.16068898,0.30715585,0.60924975,0.01918405,0.20735239,0.15926168,0.04630201,0.52920388,0.15112172,0.27030436,0.56194999,2631.0,1571.4600128070851
241,0.8200696,1.75027013,1.32168544,0.76393385,1.5596568,1.40489459,0.27912168,0.02640061,0.17584356,0.15806767,0.39501682,0.26635548,0.45862663,0.72250414,0.19514813,0.34871356,0.04499035,0.19225509,0.20601108,0.74080207,0.12513232,0.48106166,76829.0,1758.9457315957372
242,0.80464981,2.20171152,1.68750552,0.837184,0.96134369,2.91494875,0.17478218,0.02940714,0.1516327,0.01727794,0.52552853,0.46064791,0.41687508,0.2923407,0.46920884,0.74322366,0.15194727,0.06747867,0.58658886,0.26345941,0.20765413,0.30524463,4772.0,1684.7761560041183
243,0.58411002,1.37241306,1.49916551,0.98736302,1.68913502,1.75920158,0.21692346,0.38678129,0.20262289,0.06695559,0.22537062,0.22162185,0.51448451,0.14708532,0.19386033,0.39748179,0.3565999,0.25282328,0.46301444,0.38811578,0.31337708,0.19295962,75301.0,1988.9477394308133
244,0.74235093,1.60145559,1.30621135,0.74070124,1.68129624,1.8019612,0.27738815,0.04754928,0.18404566,0.06638269,0.39619098,0.44272341,0.38243087,0.42332868,0.0456928,0.27991523,0.19490173,0.06532953,0.59286385,0.8035108,0.51790385,0.41039611,76396.0,1677.3992459881708
245,0.62231192,1.95918743,1.39081621,0.59292481,1.48516521,1.11240264,0.25955746,0.02764061,0.04865831,0.09186686,0.37924552,0.42528357,0.2901131,0.19961995,0.02654838,0.20507781,0.22500817,0.01514945,0.17297616,0.40019817,0.59520343,0.7935871,76375.0,1599.0925722992963
246,0.51336852,1.99593846,1.41714417,0.73344628,1.61330239,1.52735762,0.26637544,0.02943968,0.11292925,0.13695591,0.27798274,0.16135564,0.36207494,0.47639257,0.0585167,0.26992408,0.18960045,0.06313278,0.13830366,0.78151647,0.44702682,0.43394564,79184.0,1615.4524846726415
247,1.57675134,1.87991695,0.90788059,0.45613289,1.96456551,1.91604055,0.20392888,0.04185977,0.0934682,0.05216574,0.40926557,0.45387226,0.26393833,0.57165344,0.13843377,0.27038556,0.02223908,0.1182579,0.40178936,0.26035444,0.10091351,0.06844688,76798.0,1663.1721253758
248,1.12774508,1.63536763,1.85203447,0.27789127,0.26282535,0.90001354,0.43902711,0.09100307,0.20005503,0.16501558,0.3462254,0.45266061,0.77502136,0.54828748,0.33497291,0.42154998,0.41024643,0.26373219,0.24453917,0.38931081,0.45037319,0.78996906,75211.0,1940.1563571875636
249,0.24915212,1.93842563,2.59126263,0.66432952,1.70046748,1.46653907,0.37166929,0.09704173,0.12847434,0.05703131,0.16438134,0.57893116,0.43832553,0.30831138,0.04008423,0.1459336,0.1658698,0.24751157,0.44034251,0.41994585,0.52582632,0.28073666,3731.0,1580.2491545108778
250,0.92667369,1.7857367,1.19342157,0.75865464,1.78576077,1.23986635,0.25294637,0.02608596,0.08938775,0.02750239,0.37015925,0.46528691,0.51639145,0.06780281,0.03321552,0.21524656,0.08528944,0.13803039,0.70997361,0.5809616,0.3105505,0.25160663,74700.0,1581.27172535676
251,0.64652896,1.74179233,1.20589326,0.94546662,2.14194379,1.48240499,0.26520672,0.09181629,0.11068723,0.2047471,0.45518754,0.06615775,0.35239432,0.07128764,0.02674659,0.23959261,0.1613729,0.07112345,0.37322548,0.64076005,0.52893436,0.43461261,75230.0,1651.995525007951
252,1.05083356,1.75042495,1.28835503,0.61005662,0.55629078,1.27899289,0.05334148,0.28410239,0.08418229,0.10422532,0.43911172,0.80632433,0.48622472,0.5416315,0.45840827,0.06836045,0.08999548,0.43141413,0.47423922,0.19047236,0.32008839,0.6106878,4473.0,1729.705754079825
253,0.85270738,1.68246182,2.58853045,0.72843684,1.81478901,1.56968233,0.41691053,0.03335522,0.41259143,0.08236415,0.15749269,0.19087966,0.47655448,0.49225169,0.05256731,0.18421598,0.10414311,0.20432767,0.16253158,0.22263621,0.10123582,0.28461136,3245.0,1594.015054499654
254,0.47210584,2.00007738,2.10128803,0.60550741,1.73550548,1.59610802,0.34711015,0.10674087,0.09900616,0.0470136,0.23200536,0.12313811,0.3007955,0.30577989,0.0192067,0.26915745,0.23353186,0.24888102,0.49441692,0.75659378,0.39947922,0.72667057,76131.0,1646.0841295062148
255,0.73390539,1.58983519,1.33872433,0.51173795,1.37880119,1.59837048,0.29837679,0.09162388,0.08025387,0.13533872,0.26099304,0.19191301,0.21748477,0.3944258,0.0415534,0.4509297,0.10613959,0.10530944,0.20731303,0.28357953,0.4872811,0.24413669,3535.0,1567.0520233695242
256,0.33110454,1.33158587,4.47706352,0.477602,-1.29493018,17.90246123,0.18700142,0.36089693,0.57349334,0.45102833,0.24306196,0.19657904,0.56356479,0.39579274,0.96509222,0.12702641,0.37659035,0.58459407,0.93874427,0.68608128,0.51733794,0.52497613,43451.0,1634.1020874377775
257,0.44078098,2.20809742,2.01572249,0.5583541,1.42338413,1.22674485,0.23736198,0.04026211,0.20887422,0.06665063,0.26878062,0.11452882,0.39189174,0.47738581,0.0410179,0.34266259,0.03966918,0.15767213,0.15391748,0.22153285,0.42831401,0.72856235,75167.0,1608.0295778199172
258,0.74006038,1.71090311,1.4160475,0.82019826,1.76488219,1.07451248,0.24208263,0.04288158,0.13291878,0.1759116,0.71656616,0.29367159,0.23490152,0.39174749,0.01767859,0.24749898,0.05088298,0.13201914,0.20352743,0.34738311,0.24305831,0.44359111,74614.0,1594.0131557254858
259,0.49253897,1.77326894,2.0381067,0.57934139,1.65734129,1.52638895,0.44106472,0.06782038,0.15678066,0.10563968,0.28586632,0.46488992,0.32794316,0.36256135,0.08575688,0.24166656,0.19125406,0.19307505,0.64309258,0.10284126,0.43402714,0.1108499,2928.0,1663.789840332072
260,0.74266366,2.21677831,2.29240016,0.54517124,1.6461074,1.41283859,0.27280381,0.01349268,0.16774731,0.17261073,0.86087726,0.51289078,0.32454802,0.63964572,0.03478118,0.26173524,0.15525121,0.11940809,0.42261848,0.28995666,0.65638656,0.04134758,72863.0,1632.4666155353616
261,0.4551684,1.36528243,1.36213968,0.57136745,1.56743071,0.82593986,0.38481584,0.07275077,0.1805123,0.0456442,0.31242371,0.23860315,0.15195234,0.37802183,0.01379371,0.20472513,0.03131298,0.17347042,0.34900229,0.5129702,0.30397228,0.43522372,76347.0,1594.926137954778
262,0.50208309,1.28530009,1.12606318,0.49410119,1.79621445,2.07455979,0.27922107,0.08840591,0.15472768,0.15237065,0.26921146,0.44196239,0.79844637,0.30358062,0.02116363,0.37659677,0.40955575,0.1476755,0.68098877,0.29030206,0.46908843,0.88752239,75624.0,1853.585859034395
263,0.5741202,2.02363585,1.69017719,0.97961641,1.79839158,1.00021235,0.24918915,0.04059379,0.17227659,0.1724262,0.59878551,0.41782208,0.20287273,0.29766177,0.05050925,0.26168421,0.10688684,0.0591777,0.68856025,0.44554899,0.27182997,0.37321455,78771.0,1655.7593929138031
264,0.7532585,2.12048314,3.13322145,0.44311548,1.06763866,2.85249893,0.36497195,0.04191309,0.16684975,0.37142066,0.23313454,0.34419891,0.33563773,0.1347239,0.23833964,0.54320991,0.28241414,0.17430897,0.78616407,0.44095913,0.34811461,0.44745892,3052.0,1643.6616828407753
265,0.76490002,1.61650459,0.85571796,0.82219238,1.53628577,1.12135068,0.26517032,0.03789429,0.03909286,0.04211721,0.41311089,0.3874936,0.39848017,0.44579712,0.00877909,0.18428025,0.17264969,0.17111456,0.45737126,0.16955525,0.27446413,0.35327739,76697.0,1617.2281082765282
266,0.5918726,1.61848159,1.34613251,0.813841284,2.11390625,1.41375353,0.334217544,0.0680135715,0.000147786916,0.15717041,0.241826704,0.0922636666,0.542840919,0.59178525,0.064465387,0.200283246,0.16518036,0.00609294447,0.413297021,0.256065165,0.41887868,0.498969807,73138.0,1586.6829352074324
267,0.69875503,1.90287106,1.86722491,0.23863313,1.74044557,2.24863847,0.28283856,0.04401249,0.13235722,0.16233773,0.40507466,0.1290073,0.33530283,0.16125406,0.05278334,0.36028506,0.4027118,0.10621142,0.41381348,0.80232029,0.21209911,0.12914182,3178.0,1628.925003389918
268,0.53611788,1.65279625,1.84446604,0.72065893,1.06536693,2.18099577,0.26519851,0.04232908,0.16624774,0.16713284,0.55305138,0.37385623,0.48854027,0.55031467,0.01252754,0.45781091,0.11752506,0.2533222,0.56996799,0.41488687,0.78944379,0.47250309,3577.0,1652.4641198330237
269,0.71683869,1.46124832,2.00609226,0.88959273,1.4046261,0.89936536,0.35271273,0.07851069,0.2016694,0.18498248,0.43454631,0.37847932,0.41055478,0.60264043,0.02957094,0.24617717,0.0581814,0.08923337,0.56323244,0.46759304,0.75028109,0.20189118,76218.0,1663.1065868850674
270,0.43467071,2.14900364,3.01598646,1.0845357,1.97029363,0.99882231,0.34009212,0.11275479,0.35803687,0.07298099,0.06361379,0.39587839,0.21876118,0.55514122,0.08041598,0.17422184,0.0413916,0.13911031,0.21474252,0.32663125,0.38015765,0.26886291,76972.0,1598.693369317734
271,0.64224675,1.63584178,1.15205939,0.80147631,1.85451133,1.95120903,0.26092866,0.09944391,0.03344843,0.12822682,0.38811823,0.25083165,0.05204496,0.35374978,0.0454202,0.17605666,0.31058336,0.20935245,0.11860395,0.47551954,0.0655791,0.50596548,4171.0,1586.9683990613669
272,0.9325664,2.06167377,1.09913795,0.84218266,1.90349452,1.27950191,0.22253947,0.09700661,0.06566992,0.01805812,0.73042008,0.27003389,0.31555326,0.39367396,0.02497428,0.05114756,0.12923924,0.288552,0.33846199,0.46230351,0.3733551,0.58843179,77223.0,1617.4889393787444
273,0.75836304,1.61820707,2.41640785,0.79678758,1.48770915,1.76088072,0.36513594,0.09284587,0.09024064,0.33654912,0.42254981,0.19317649,0.75872001,0.64217564,0.09740895,0.35142619,0.1806287,0.04084071,0.39811916,0.76756707,0.73103111,0.58261238,75306.0,1739.785029096521
274,0.54379251,1.93083355,2.21617376,0.60807791,1.99524342,2.33097524,0.3769063,0.04048059,0.0588854,0.24694305,0.26628096,0.1619116,0.33359742,0.41254866,0.02062589,0.3154033,0.22748827,0.13151046,0.46801761,0.37953382,0.21726141,0.25253455,9555.0,1533.7948882345504
275,0.49914157,1.63533223,1.55744602,0.78381399,1.72860388,1.31863765,0.28953759,0.01398537,0.14645368,0.04136206,0.28924249,0.12413492,0.48915053,0.11297705,0.02584702,0.23007177,0.08815361,0.16179362,0.11988773,0.86375788,0.4782135,0.48155649,75777.0,1568.2283462347705
276,0.83754858,2.00097827,1.78317904,0.7947255,2.04386574,1.46634903,0.23682514,0.050553,0.07096205,0.20685962,0.34264332,0.26804447,0.4343946,0.60647719,0.05417829,0.16065295,0.23679238,0.02006153,0.1873662,0.23055172,0.35918802,0.4012168,74855.0,1573.242612971393
277,1.00327822,2.02850546,1.36711767,0.50381606,1.70353246,1.37379453,0.20391465,0.06121699,0.07952406,0.14326559,0.25649601,0.54104204,0.48085933,0.3253585,0.06589838,0.25338458,0.24925196,0.02784985,0.34819349,0.07851035,0.71321396,0.26155005,74102.0,1642.2359099786925
278,0.78098306,1.81422761,1.63378906,0.42762638,1.72239215,1.35151777,0.30205955,0.09286678,0.05832588,0.06344179,0.57451352,0.18012302,0.40300019,0.28868148,0.03377286,0.21439486,0.17134219,0.13998849,0.42221517,0.29974757,0.44293466,0.10015582,4112.0,1590.4118604763466
279,0.90903734,1.8397578,1.22992591,0.49200496,1.45987219,1.19437714,0.2013329,0.09540698,0.11563132,0.0189819,0.78332865,0.09206092,0.19237796,0.26463373,0.00866263,0.23808651,0.1438281,0.24268366,0.38375306,0.10952073,0.4283625,0.34264402,72289.0,1612.3639246157184
280,0.81224436,2.1965424,1.38331984,0.8653245,1.69631359,1.50920971,0.25044276,0.0324841,0.0792707,0.11587225,0.42600697,0.4361422,0.22865342,0.4818493,0.04365558,0.2438965,0.15640337,0.06543613,0.33566688,0.5065253,0.22527755,0.22255652,20302.0,1590.47737666016
281,0.73765084,1.89007255,1.33587511,0.62770006,0.9484276,1.42383654,0.2073196,0.16014022,0.11541009,0.14170607,0.14726011,0.23660819,0.48149311,0.17810146,0.4128501,0.2464314,0.27366907,0.31581172,0.4341147,0.56271984,0.22837238,0.53189104,20193.0,1885.6574707385728
282,0.66542116,1.67239306,1.12852436,0.78056319,2.0003134,1.43528795,0.25920188,0.07398598,0.11934455,0.05651425,0.45910817,0.43553222,0.28399353,0.41269155,0.00927011,0.19247142,0.082779,0.21434283,0.51771494,0.47732267,0.64050127,0.68425033,20372.0,1651.833281896859
283,0.74457519,1.75225132,1.73818307,0.78101312,1.58186007,1.18257564,0.33800572,0.13488468,0.07116689,0.05523539,0.46008015,0.09212777,0.5330224,0.36146119,0.0145802,0.20564207,0.16794493,0.16686756,0.11261539,0.4823837,0.41902989,0.71784276,20710.0,1620.2315714514923
284,0.49776629,1.2240944,0.65518973,0.83654079,0.98795217,6.8668993,0.01219229,0.07340084,0.1571377,0.20732605,0.25484618,0.3514173,0.17018995,0.25743673,0.91766921,0.44876367,0.41981632,0.28451793,0.50625264,0.69895702,0.21636278,0.56365845,49849.0,1675.3859232893951
285,0.94112524,2.9587845,3.09874198,0.62205271,0.50169417,2.36527044,0.26958627,0.07880081,0.16374277,0.17191948,0.71056165,0.27061818,0.57414031,0.67160383,0.41110268,0.3582509,0.43399099,0.19396469,0.56509944,0.25226648,0.48064895,0.39333904,31202.0,1788.404465049922
286,0.71367712,1.69006031,0.91281984,0.77482741,1.02549312,1.38196558,0.27011004,0.03451598,0.02848252,0.08898932,0.23313307,0.45037258,0.51157512,0.25509805,0.47243567,0.3426085,0.16040358,0.36713509,0.38167446,0.21311803,0.3560356,0.17006286,20885.0,1878.334345233304
287,0.70471512,1.19530788,1.017153,1.45326197,1.77128512,1.27531585,0.22159868,0.02647828,0.22470326,0.21267927,0.2191716,0.50385653,0.12529419,0.56758298,0.17431317,0.26525537,0.08722678,0.16415848,0.28840397,0.51574629,0.26718925,0.2787006,21417.0,1826.8428948266976
288,0.75756108,1.5859299,1.45563497,0.51534141,1.2771751,1.01646772,0.33774361,0.07607521,0.1115678,0.11713938,0.76104175,0.49121966,0.74066842,0.59705726,0.04473833,0.25454475,0.19245885,0.23339595,0.23404589,0.06986213,0.22011815,0.4588648,19462.0,1703.715646320204
289,0.97963193,2.18613961,1.32649913,0.59072948,1.81251381,1.21533049,0.25450407,0.0179003,0.06813574,0.04945842,0.45787254,0.44836582,0.22869755,0.25556408,0.02821395,0.09632337,0.19785619,0.17488319,0.43697182,0.11065608,0.254868,0.30596497,29345.0,1517.898151023858
290,0.79026172,1.61808349,0.91240068,1.00971498,1.66732634,1.3801432,0.25060049,0.09766612,0.0662689,0.03042411,0.38360508,0.31200244,0.36926517,0.27218765,0.11431372,0.31681068,0.16076214,0.26620844,0.24662105,0.45338759,0.23770819,0.41468601,20771.0,1713.1543614246918
291,0.71591671,1.98415306,2.00191723,0.47943541,1.21178085,0.99859388,0.38618251,0.17895521,0.05726975,0.02298875,0.08312934,0.3996404,0.50966258,0.37282817,0.03455305,0.2888225,0.18233352,0.21875267,0.47221215,0.45906024,0.21121954,0.47822633,21177.0,1644.824839126315
292,0.79329742,1.60444319,0.74596652,0.99647239,1.61803365,0.91567325,0.20809051,0.0505085,0.09521189,0.13488145,0.22933199,0.18110997,0.34343591,0.10978876,0.02013826,0.28237894,0.11739633,0.084136,0.43672177,0.87455924,0.43780448,0.43279816,20601.0,1666.965772978128
293,0.73226075,2.05443744,1.58020588,0.57570333,1.89644883,1.86896302,0.27934624,0.10343653,0.01599974,0.07510527,0.11896484,0.48123503,0.43065262,0.05624941,0.02018138,0.34758966,0.06066549,0.1499659,0.41143706,0.77648296,0.4216304,0.49521369,20769.0,1578.388467324986
294,0.66192115,1.6263104,1.32940777,0.72997938,1.64936997,1.22168622,0.30826773,0.13393393,0.07653505,0.03881807,0.45932522,0.19274839,0.42862241,0.17332871,0.00953035,0.08984998,0.20412104,0.22602287,0.74704507,0.50512583,0.34224757,0.43673816,18014.0,1602.0671630756497
295,0.68263451,1.99121939,1.50333233,0.80003239,1.63300978,1.4934599,0.29424337,0.04929076,0.08534555,0.02132653,0.50237386,0.12784998,0.30258528,0.47212825,0.03978455,0.26521961,0.0796295,0.20117772,0.42639217,0.07648172,0.08843034,0.44446514,16335.0,1551.9257405613712
296,0.6421724,1.98862227,1.80314875,0.80015457,1.31668233,0.95632629,0.29911722,0.03808018,0.09520476,0.1716425,0.6025715,0.29248308,0.25166371,0.66381733,0.0643303,0.25972539,0.19050754,0.04075586,0.09067514,0.53710943,0.45160305,0.20002586,19411.0,1610.665659637734
297,0.81637112,2.06807413,1.93004003,0.34262375,1.05761685,2.79990409,0.22398951,0.22688524,0.07002743,0.08606308,0.48304746,0.48621123,0.35718395,0.3821287,0.01774501,0.16106972,0.69764276,0.4877263,0.52700033,0.42539515,0.49025063,0.41251507,28734.0,1644.8448035568274
298,0.49783411,1.46005849,1.25527451,1.02354211,1.23606799,0.96966243,0.22020473,0.21139129,0.32595291,0.15414321,0.42524767,0.06631159,0.42394831,0.50452792,0.07451236,0.20050898,0.1543885,0.32604508,0.69472361,0.9371597,0.13174112,0.58360292,18529.0,1956.976431376493
299,0.79524379,1.59599954,1.39429231,0.78909653,1.59892434,1.13396545,0.27902793,0.02356619,0.19898937,0.01766621,0.51455416,0.54022742,0.30373382,0.56207097,0.08171256,0.27196428,0.10719511,0.18875136,0.37262695,0.48843065,0.37552996,0.20244056,18823.0,1644.4997940238156
300,0.43559203,1.63490791,1.61300965,0.79697595,1.84207277,1.37881177,0.34498861,0.0949735,0.08200477,0.10501658,0.31736803,0.61344738,0.48469947,0.43983848,0.01321252,0.21619743,0.18903424,0.06557346,0.43730953,0.75941997,0.46028306,0.54334792,20014.0,1622.819337500437
301,0.40646924,2.23356392,4.31516999,1.05741224,2.0745966,3.3119174,0.492679,0.16687212,0.20105685,0.14962635,0.33896783,0.19236151,0.02981218,0.45958203,0.0343754,0.36317321,0.09876396,0.17926205,0.6605369,0.87922673,0.86337969,0.62263703,39021.0,1605.208707100878
302,0.84551396,1.89696381,1.49518258,0.84567063,1.2939383,2.35614558,0.14763531,0.03552893,0.1388899,0.07988661,0.49000362,0.1432867,0.43437216,0.2657538,0.0299772,0.3603715,0.39186487,0.11294559,0.37442779,0.78286825,0.71827097,0.5775732,19765.0,1710.4917347889502
303,0.79598512,1.9782278,1.45479041,0.78002668,1.90999628,1.65660139,0.24590103,0.07092213,0.16339924,0.14365517,0.33950366,0.31829699,0.1481983,0.21768081,0.01820039,0.32118565,0.11534656,0.13323527,0.35038636,0.3593943,0.43200078,0.39642623,19239.0,1577.6233708438042
304,0.89437704,1.88636703,0.95221818,0.43563291,1.63803856,2.07688496,0.1775353,0.07284206,0.13384483,0.00932822,0.22596725,0.14949691,0.58494133,0.24284043,0.22401933,0.33383898,0.10930474,0.38280683,0.61112768,0.20549135,0.49938676,0.33874655,19875.0,1711.5392225797968
305,0.84045017,2.00000054,1.52101325,0.49775156,0.97652923,0.8162329,0.07830802,0.20480691,0.09080684,0.08658002,0.32497834,0.80586376,0.4047971,0.3215051,0.25170514,0.03311427,0.32136526,0.4255843,0.36561768,0.09550935,0.18189163,0.46865465,19622.0,1759.511005376778
306,0.49407697,1.43482366,1.35630962,0.78498051,1.81339174,0.9091241,0.32420588,0.08448482,0.10956893,0.24956864,0.35718424,0.2246743,0.35709654,0.78417322,0.01393926,0.19890438,0.17865158,0.00895877,0.09324191,0.31833238,0.39511725,0.79002274,19203.0,1690.0613735202612
307,1.00129325,1.67301617,1.47199402,0.78246557,1.26592596,0.92985715,0.22906965,0.32018246,0.06826082,0.24891021,0.7095956,0.42642742,0.44469348,0.75189942,0.14410879,0.13341919,0.40445033,0.39755765,0.40558398,0.60549934,0.17767726,0.56000941,18426.0,2158.5409278354077
308,0.65415367,1.43905021,0.99994682,0.17646416,1.16553567,1.45063709,0.1923723,0.03691998,0.22638156,0.08573082,0.37958058,0.26745586,0.10265717,0.2436279,0.30528215,0.47066744,0.01618687,0.24900571,0.59605277,0.30088085,0.57334501,0.47699353,18678.0,1718.3081119291355
309,0.94751574,0.81030641,1.96772438,0.72594457,0.89980963,1.64047061,0.40344218,0.34437372,0.47750582,0.22518205,0.53959928,0.81981097,0.50054249,0.70906243,0.504559,0.18348002,0.13753335,0.48310879,0.19251081,0.31918205,0.16092009,0.28150846,26448.0,1915.9496905158571
310,0.6469943,1.60502112,1.46575018,0.5500695,1.99944892,1.981156,0.30039221,0.04175878,0.07410905,0.15288952,0.1259802,0.43390054,0.30516561,0.1935009,0.17839477,0.33082302,0.24243866,0.08678003,0.1763474,0.24842284,0.70496897,0.60168581,17009.0,1674.9204444561483
311,0.62450943,1.86390171,1.71230532,0.80750897,0.9956393,2.90415174,0.26392483,0.08950451,0.23550443,0.14704737,0.38561573,0.42010059,0.23790255,0.42765601,0.4050622,0.56050194,0.18209505,0.15767297,0.52778268,0.47712438,0.83870102,0.98508577,22014.0,1838.42951322012
312,0.84228692,1.72912586,0.84952798,0.3982241,1.61338728,1.38207673,0.24624,0.06820688,0.03393324,0.02497949,0.26588363,0.11566818,0.44755411,0.43889442,0.03035143,0.22646098,0.27753877,0.09893921,0.44083288,0.21892751,0.61708616,0.36901428,20902.0,1616.2149739190168
313,0.79850821,2.100787,1.16562554,0.83600044,1.90176223,1.57007334,0.27161006,0.06684339,0.05089519,0.05627824,0.51217317,0.18387466,0.2452379,0.37758236,0.03632805,0.18154703,0.23083224,0.21699986,0.16805156,0.31621836,0.67502841,0.75122152,19968.0,1637.3699917180445
314,0.49347348,1.20773004,1.26497111,0.68543663,1.08220453,1.38484243,0.37513331,0.11378974,0.0653023,0.06019003,0.49438781,0.32678289,0.38803079,0.45680578,0.16056831,0.2653459,0.26137484,0.4229665,0.54005305,0.53574602,0.36034306,0.44992702,27094.0,1746.4502889679409
315,0.71633006,1.61058931,2.26319597,0.89062248,2.0111375,1.38270094,0.4144062,0.31852249,0.07654809,0.0717162,0.39264201,0.28496071,0.59546912,0.56585608,0.01595057,0.08497501,0.23566633,0.16476626,0.59361739,0.94001887,0.48401131,0.30141641,26957.0,1674.06034957103
316,0.6206001,1.54183715,1.41662337,0.70077811,1.86943531,2.50774632,0.16570025,0.02452908,0.20970073,0.33569743,0.44429962,0.18400776,0.17411733,0.44233738,0.39207263,0.12590342,0.06519514,0.03729674,0.29821917,0.43883486,0.63390886,0.66161733,25991.0,1635.4775677697469
317,1.23279139,1.9148457,1.14844243,0.32238095,1.35509691,2.45337369,0.25230642,0.02963629,0.11933269,0.03822842,0.28831898,0.39045687,0.21353841,0.17296905,0.21172628,0.3745871,0.23762283,0.47977631,0.40904764,0.54731308,0.28371784,0.52450958,26653.0,1668.8242025637278
318,0.52617693,0.88703428,1.52737093,0.93246372,1.77811511,2.09649045,0.42214876,0.25533638,0.14761125,0.2702365,0.69454618,0.42490159,0.52343043,0.74144472,0.1741508,0.25548432,0.2878504,0.12613027,0.7028639,0.79521475,0.07660372,0.73451734,19553.0,1906.1680437051575
319,0.50199064,1.79360624,0.9693648,0.67961516,1.61700591,1.44199101,0.25457903,0.0576622,0.04818031,0.07792016,0.40272099,0.23914516,0.29395454,0.04868648,0.05362435,0.31205232,0.17307462,0.18411981,0.21269386,0.50492608,0.41437633,0.45433829,19977.0,1615.7073702216076
320,0.34004112,1.49710631,2.7046358,0.78483165,1.40591592,1.29711497,0.46651208,0.12957163,0.37372851,0.42269694,0.12371086,0.46984612,0.58780707,0.15694609,0.14162467,0.42496734,0.10557481,0.03711986,0.64762446,0.52665799,0.34872241,0.53047878,26530.0,1763.0509527133815
321,0.51942121,1.92357021,1.41274586,0.7349246,1.41629627,1.72440289,0.26002737,0.06627605,0.05404484,0.07763309,0.29664255,0.31457676,0.53408475,0.2502393,0.08831992,0.33205312,0.2731601,0.22329034,0.73870508,0.23584178,0.3822754,0.35132915,19844.0,1627.4415223252597
322,0.73288304,1.9084893,1.63972304,1.0063672,0.83594163,1.4936846,0.31755745,0.04926996,0.13272165,0.07733694,0.29801197,0.72903317,0.35633561,0.33220622,0.05896185,0.54260733,0.3913939,0.40648876,0.44584886,0.47716606,0.41449115,0.27382855,27393.0,1770.879627694843
323,0.82737381,1.61998283,1.25064796,0.80343218,1.96254903,1.59923154,0.1946531,0.06805909,0.14995387,0.12007771,0.27752361,0.39300057,0.38675929,0.34389986,0.05512646,0.2668701,0.17653163,0.04201752,0.83499537,0.30440974,0.43397758,0.5219828,20255.0,1663.2966530632034
324,0.79937425,1.61840964,1.2915524,0.89439263,1.60647927,1.28535253,0.08865705,0.03286344,0.29036334,0.07892611,0.20434744,0.20764571,0.55654114,0.41147985,0.19741127,0.20341317,0.01071108,0.09347272,0.48818531,0.72423362,0.41025972,0.48956647,27076.0,1579.1668832274547
325,0.27853506,1.49579415,3.19628842,0.60122185,1.5028619,1.08503828,0.53432156,0.04852164,0.43821985,0.45785242,0.11482196,0.12925192,0.26734685,0.11456749,0.08520533,0.26410614,0.17943018,0.14436996,0.48000009,0.42619513,0.32975523,0.32818331,26742.0,1687.0648422291413
326,0.536823,1.50642521,1.56002738,0.45837953,1.69092801,1.33311132,0.34378368,0.04576054,0.27660454,0.01570851,0.18323671,0.52485453,0.50716433,0.60972521,0.05882382,0.33179902,0.10319956,0.10857524,0.48669342,0.25018053,0.50991355,0.30669666,19516.0,1669.22074308625
327,0.72392572,1.80849111,1.08723035,0.4829537,1.20382699,1.11321793,0.23191598,0.11881799,0.02642339,0.048691,0.41949778,0.43417321,0.41165242,0.17188747,0.05707595,0.36126458,0.34947673,0.26209261,0.15391119,0.45444484,0.45411205,0.50446107,20128.0,1741.478670189235
328,0.75611816,1.98497472,1.39876951,0.79154907,2.02378736,1.8729545,0.2454669,0.04428673,0.03208061,0.09891928,0.42995799,0.41666556,0.40673435,0.15244257,0.04898118,0.24278826,0.18852536,0.15215559,0.36293844,0.44101585,0.5202645,0.79891378,18173.0,1590.330290324206
329,0.59457575,1.47863868,1.14930655,0.97860841,1.85158086,1.15258542,0.19789709,0.06954555,0.1831546,0.13058339,0.47870354,0.55233139,0.60039061,0.11451895,0.0103299,0.17060623,0.00995133,0.20151276,0.31021655,0.37308666,0.23410854,0.36458537,17382.0,1632.934842954744
330,0.62245175,2.38037646,2.28942826,0.43719253,1.73401866,1.21920408,0.31832864,0.07044759,0.14585761,0.07451767,0.36725084,0.68282167,0.4007934,0.52794524,0.0102128,0.2607191,0.07750171,0.12942715,0.38383229,0.80099771,0.1202123,0.38567878,17900.0,1624.7465202967958
331,0.91058767,1.49674579,2.53073852,0.98244397,-0.3063017,1.77572718,0.42912827,0.15500865,0.21723935,0.22344318,0.56005765,0.67246749,0.38515545,0.33505354,0.46736464,0.29402445,0.50358978,0.32101356,0.59345935,0.46139317,0.2447913,0.57188023,26400.0,1866.2142620215727
332,0.78979738,1.90879344,2.05572806,0.77600708,1.56514988,0.86899387,0.19145545,0.22100118,0.42526906,0.06168098,0.46578672,0.27541239,0.37755446,0.46438364,0.06306261,0.03536796,0.15284786,0.28917985,0.25257071,0.38667919,0.17544715,0.17477536,18169.0,1712.6165288335285
333,0.75170208,2.05494052,2.50357315,0.75203246,1.70686167,1.07184154,0.31147976,0.0693361,0.18846076,0.23064168,0.43450663,0.51150252,0.79598148,0.48774103,0.05050319,0.29088344,0.09682927,0.12302254,0.49179004,0.22347868,0.25024143,0.50710535,17237.0,1672.3057521150913
334,0.70716556,1.76471077,1.90034497,1.16978123,2.0,0.99978845,0.25401679,0.02823679,0.12842456,0.20649399,0.53170932,0.53132744,0.22188528,0.04299625,0.06538759,0.22161662,0.03058078,0.07069387,0.44433161,0.34979229,0.72459904,0.70036394,18163.0,1644.175214480113
335,0.76098916,1.84631259,1.76370166,0.51715638,0.99260904,1.25778396,0.10715999,0.17345433,0.20329014,0.17838448,0.31003699,0.51339728,0.0908943,0.51694702,0.41950977,0.05843901,0.03546649,0.41956091,0.28617733,0.34920265,0.48149471,0.20772853,16860.0,1719.3561608702878
336,1.3395332,1.5352302,2.28485221,0.26848385,1.0634571,0.9932247,0.43577431,0.05786858,0.43570563,0.2986541,0.195389,0.57068388,0.48235198,0.34545936,0.16645783,0.31573667,0.03052743,0.29196442,0.33515781,0.58105908,0.27171675,0.40710975,17435.0,1863.2700796144013
337,0.56720157,1.67042222,2.0617895,0.56817763,0.08577655,2.54457385,0.34483018,0.2531938,0.19746063,0.27539789,0.53590846,0.26989811,0.68792446,0.2038218,0.37851236,0.4801944,0.40300107,0.41773794,0.55962814,0.50732371,0.47537234,0.46783787,24834.0,1805.5772501130325
338,0.76824628,1.7100625,1.03438471,0.84633857,1.30342776,2.03361415,0.13078711,0.00318636,0.15825749,0.12251386,0.18231747,0.33495781,0.36391207,0.40769991,0.35830026,0.43841061,0.20069792,0.42731193,0.32546254,0.51651583,0.49158089,0.43511388,17239.0,1811.2240777045288
339,0.64010363,1.57387109,1.5914222,0.36511487,1.27573414,1.99831815,0.43817664,0.15083288,0.22467861,0.08690225,0.38779799,0.31358587,0.14882855,0.50883504,0.10732846,0.47867493,0.23762145,0.14984835,0.11329826,0.3953992,0.77935684,0.48511976,25608.0,1737.0301264955374
340,0.69491439,1.74197846,1.3713643,0.88861133,2.02150266,1.33288911,0.28291266,0.10750489,0.02898015,0.11148398,0.4325449,0.52899623,0.33913722,0.26896695,0.05458482,0.20417485,0.10969414,0.04649411,0.52139596,0.27653849,0.37836935,0.27055191,17725.0,1620.94451929788
341,0.68915013,2.09582847,1.90351791,0.35139702,1.16033511,2.26618382,0.29830783,0.06729957,0.13277737,0.10869182,0.32749027,0.22925823,0.24681256,0.24695134,0.047284,0.4793529,0.23255476,0.38429858,0.25183549,0.37113042,0.31593683,0.44907318,33522.0,1550.0964389770122
342,0.49655571,2.14675196,2.15209616,0.52345491,2.05531257,2.00267421,0.30555558,0.04927193,0.06032877,0.11492612,0.40895486,0.54586524,0.26418703,0.11097951,0.04072057,0.26053715,0.23313409,0.18265108,0.56730752,0.48952177,0.30811773,0.73635917,25873.0,1599.6216927123278
343,0.52013923,1.92571371,1.72688931,0.82815911,1.79398993,1.66303984,0.25444889,0.08920933,0.04679231,0.12071978,0.31627709,0.41331845,0.55849719,0.48344787,0.03607115,0.17682081,0.26043126,0.10345676,0.48616084,0.52302845,0.40726834,0.51179519,16791.0,1603.9484530000557
